-- addresses

INSERT INTO addresses (id, number, street, zip, city, floor, extra, latitude, longitude) VALUES ('683e12be-6a56-42c0-9970-e2e8980d25e1', 12, 'Rue de la Liberté', 59000, 'Lille', NULL, NULL, 50.6326, 3.0586);
INSERT INTO addresses (id, number, street, zip, city, floor, extra, latitude, longitude) VALUES ('5a12eb9f-17dd-469e-8000-c7d1d0347305', 20, 'Rue Nationale', 59000, 'Lille', 2, NULL, 50.6342, 3.0629);
INSERT INTO addresses (id, number, street, zip, city, floor, extra, latitude, longitude) VALUES ('26b06a2c-e77e-4433-a0aa-a13aa47c19c6', 8, 'Rue Faidherbe', 59000, 'Lille', NULL, 'Appartement 3', 50.6329, 3.0641);
INSERT INTO addresses (id, number, street, zip, city, floor, extra, latitude, longitude) VALUES ('209ff892-c108-46b8-a1a5-db5c5e5fc387', 42, 'Rue de Paris', 59000, 'Lille', 1, NULL, 50.6354, 3.0635);
INSERT INTO addresses (id, number, street, zip, city, floor, extra, latitude, longitude) VALUES ('686ad79e-38bd-48d8-b491-e2f9a31569a4', 18, 'Rue du Molinel', 59000, 'Lille', NULL, NULL, 50.635, 3.0649);
INSERT INTO addresses (id, number, street, zip, city, floor, extra, latitude, longitude) VALUES ('b1b2893c-2430-42c6-8294-7d54e09f8bf4', 9, 'Rue des Ponts de Comines', 59000, 'Lille', 3, NULL, 50.6287, 3.066);
INSERT INTO addresses (id, number, street, zip, city, floor, extra, latitude, longitude) VALUES ('5e7ed930-d8c2-4059-9a00-c5adff3b224d', 25, 'Rue de l''Hôpital Militaire', 59800, 'Lille', NULL, NULL, 50.627, 3.0471);
INSERT INTO addresses (id, number, street, zip, city, floor, extra, latitude, longitude) VALUES ('a38cb70c-533e-4ba3-84bc-51d87155ddf7', 7, 'Rue des Postes', 59000, 'Lille', NULL, NULL, 50.6259, 3.0513);
INSERT INTO addresses (id, number, street, zip, city, floor, extra, latitude, longitude) VALUES ('5241b862-c220-48c1-a56b-2c5793fc171b', 14, 'Rue du Ballon', 59000, 'Lille', 4, NULL, 50.632, 3.0505);
INSERT INTO addresses (id, number, street, zip, city, floor, extra, latitude, longitude) VALUES ('99d1ab4c-a746-456a-a499-81c6f8ae4aff', 22, 'Rue de la Monnaie', 59800, 'Lille', NULL, 'Bureau 101', 50.6285, 3.0479);
INSERT INTO addresses (id, number, street, zip, city, floor, extra, latitude, longitude) VALUES ('1df4def3-dc74-4b93-aca4-adb57f47cc0b', 11, 'Rue Royale', 59800, 'Lille', NULL, NULL, 50.6314, 3.0508);
INSERT INTO addresses (id, number, street, zip, city, floor, extra, latitude, longitude) VALUES ('63eee4c2-8ea0-4ede-8f83-f2234a67b5ac', 30, 'Rue de la Clef', 59100, 'Roubaix', 2, NULL, 50.6924, 3.1691);
INSERT INTO addresses (id, number, street, zip, city, floor, extra, latitude, longitude) VALUES ('f7a826e4-f9c5-4b4a-9a27-866e2ea99d9e', 6, 'Rue du Faubourg des Postes', 59200, 'Tourcoing', NULL, NULL, 50.726, 3.1615);
INSERT INTO addresses (id, number, street, zip, city, floor, extra, latitude, longitude) VALUES ('4ae6b4b7-6797-4387-9e5e-300323cbe999', 40, 'Rue d''Armentières', 59100, 'Roubaix', NULL, NULL, 50.7011, 3.1667);
INSERT INTO addresses (id, number, street, zip, city, floor, extra, latitude, longitude) VALUES ('e949fda0-1520-4ab6-98ca-197f82e1eed9', 35, 'Rue Esquermoise', 59000, 'Lille', NULL, NULL, 50.6363, 3.0627);


-- allocations

INSERT INTO allocations (id, label) VALUES ('6a8c5739-0304-421e-9b9a-e96241d40dfe', 'Cuisine');
INSERT INTO allocations (id, label) VALUES ('b335fcdd-d24a-4be7-b089-44fa8b687745', 'Salon');
INSERT INTO allocations (id, label) VALUES ('0e5f67db-d3a5-42af-842d-7fa3c61af28f', 'Salle de bains');
INSERT INTO allocations (id, label) VALUES ('6bf299b7-7f5f-42b8-b5cd-836166394a1c', 'Toilettes');
INSERT INTO allocations (id, label) VALUES ('4972cb0d-dbc8-4886-8a04-dd9e39e1b8eb', 'Salle à manger');
INSERT INTO allocations (id, label) VALUES ('60004000-29d3-4743-b408-12b959bd7c5e', 'Cave');
INSERT INTO allocations (id, label) VALUES ('37a21387-b0ba-468e-af98-3c9c68f43886', 'Garage');
INSERT INTO allocations (id, label) VALUES ('ea9f303c-e3b2-4f73-b146-b8fe2af1a798', 'Parking');
INSERT INTO allocations (id, label) VALUES ('233186d6-b68e-4edc-86d5-2cec6e8e57a0', 'Jardin');
INSERT INTO allocations (id, label) VALUES ('0a4ed12a-c2cc-4d0f-ab19-1c2d74b9c1b0', 'Terrasse');
INSERT INTO allocations (id, label) VALUES ('cad45064-8c90-4a5e-926a-ef7756a9e335', 'Cellier');
INSERT INTO allocations (id, label) VALUES ('c8d0add5-91c8-4066-b90a-f837c0b6f042', 'Piscine');


-- element_attributes

INSERT INTO element_attributes (id, label) VALUES ('32a3a399-b74f-464d-9757-dd5473c46afa', 'COULEUR');
INSERT INTO element_attributes (id, label) VALUES ('ab74ef63-0b47-4dbc-a5de-878194c8c03e', 'MATERIAU');


-- element_types

INSERT INTO element_types (id, label) VALUES ('1af90b8d-a067-4459-be2d-437c574cd60c', 'MUR');
INSERT INTO element_types (id, label) VALUES ('3185d43c-df4e-4b31-b404-ba53ed42329a', 'SOL');
INSERT INTO element_types (id, label) VALUES ('3907aaf4-39d8-43e4-bfe2-aa507985f1ba', 'PLAFOND');
INSERT INTO element_types (id, label) VALUES ('f9092810-64c6-4c6c-877f-48a3f0a91af5', 'CHAISE');
INSERT INTO element_types (id, label) VALUES ('a1bb7083-9ec1-48a7-a498-2ec616465dd6', 'TABLE');


-- element_attributes_element_types

INSERT INTO element_attributes_element_types (id_element_attribute, id_element_type) VALUES ('32a3a399-b74f-464d-9757-dd5473c46afa', '1af90b8d-a067-4459-be2d-437c574cd60c');
INSERT INTO element_attributes_element_types (id_element_attribute, id_element_type) VALUES ('32a3a399-b74f-464d-9757-dd5473c46afa', '3185d43c-df4e-4b31-b404-ba53ed42329a');
INSERT INTO element_attributes_element_types (id_element_attribute, id_element_type) VALUES ('32a3a399-b74f-464d-9757-dd5473c46afa', '3907aaf4-39d8-43e4-bfe2-aa507985f1ba');
INSERT INTO element_attributes_element_types (id_element_attribute, id_element_type) VALUES ('32a3a399-b74f-464d-9757-dd5473c46afa', 'f9092810-64c6-4c6c-877f-48a3f0a91af5');
INSERT INTO element_attributes_element_types (id_element_attribute, id_element_type) VALUES ('32a3a399-b74f-464d-9757-dd5473c46afa', 'a1bb7083-9ec1-48a7-a498-2ec616465dd6');
INSERT INTO element_attributes_element_types (id_element_attribute, id_element_type) VALUES ('ab74ef63-0b47-4dbc-a5de-878194c8c03e', 'f9092810-64c6-4c6c-877f-48a3f0a91af5');
INSERT INTO element_attributes_element_types (id_element_attribute, id_element_type) VALUES ('ab74ef63-0b47-4dbc-a5de-878194c8c03e', 'a1bb7083-9ec1-48a7-a498-2ec616465dd6');


-- heating_types

INSERT INTO heating_types (id, label) VALUES ('2582b14d-0b50-4168-8d6b-e53ee62aaa00', 'Électrique');
INSERT INTO heating_types (id, label) VALUES ('deed8427-222d-4a02-a7aa-8b5c3d98f6ef', 'Gaz');
INSERT INTO heating_types (id, label) VALUES ('39813013-7906-44bb-a46b-f9789a532d48', 'Bois');


-- hot_water_types

INSERT INTO hot_water_types (id, label) VALUES ('39bc91d8-4fda-4da8-aa31-dad2f6867767', 'Chaudière individuelle');
INSERT INTO hot_water_types (id, label) VALUES ('90222341-4102-4c64-b9bc-d31fee4d9b80', 'Chauffe-eau électrique');
INSERT INTO hot_water_types (id, label) VALUES ('aa0f89e7-cf5a-4b06-8c5b-fd85cf4f2804', 'Chauffe-eau gaz');


-- property_classes

INSERT INTO property_classes (id, label) VALUES ('ba2eae28-e8fd-49ab-aeb3-4c8ad19e97cc', 'Studio');
INSERT INTO property_classes (id, label) VALUES ('8cb98fe3-cb2d-4d71-9c90-8f9bf745b5a4', 'T1');
INSERT INTO property_classes (id, label) VALUES ('89b1ace5-8d1f-4472-ac71-8e55074369a2', 'T2');
INSERT INTO property_classes (id, label) VALUES ('22257f8d-eb8e-4cf1-8b4e-57cf31def39a', 'T3');
INSERT INTO property_classes (id, label) VALUES ('efc202f4-71f7-47c9-a1f3-4128b62a4024', 'T4');
INSERT INTO property_classes (id, label) VALUES ('3d186cd2-819e-46ff-a1ff-32f5d5403f70', 'T5');


-- property_types

INSERT INTO property_types (id, label) VALUES ('09080964-ee56-48a9-b89f-640d228211f1', 'Maison');
INSERT INTO property_types (id, label) VALUES ('9cb3bbed-b14f-4e7b-ac48-ced4086da16d', 'Appartement');
INSERT INTO property_types (id, label) VALUES ('e8ce5325-80d1-4f9a-b95b-b8bf899ac5b3', 'Loft');
INSERT INTO property_types (id, label) VALUES ('a1e30fb2-e8c4-4d70-a3ce-1f00a236a671', 'Garage');
INSERT INTO property_types (id, label) VALUES ('543f05ce-90ff-460b-986f-50ef6ac832d1', 'Atelier');
INSERT INTO property_types (id, label) VALUES ('f1c0a787-b505-4d09-9696-12a2d671c827', 'Commerce');


-- third_party_types

INSERT INTO third_party_types (id, label) VALUES ('6d574633-7da8-4d0b-9c98-6bc92283ae08', 'AGENT');
INSERT INTO third_party_types (id, label) VALUES ('4f2ff9dd-76c7-4783-b4f9-73064d563f1b', 'TENANT');
INSERT INTO third_party_types (id, label) VALUES ('ee49b637-c2a4-439f-b4e4-ad232573538a', 'OWNER');


-- third_parties

INSERT INTO third_parties (id, surname, name, ref_photo, birth_date, bank_details, social_security_number, fk_third_party_type) VALUES ('edfaefd7-5455-4f1c-a661-294cd6bf34d3', 'Test', 'Test', NULL, '1978-12-05', '12345123451234567890116', '278127512345', '4f2ff9dd-76c7-4783-b4f9-73064d563f1b');
INSERT INTO third_parties (id, surname, name, ref_photo, birth_date, bank_details, social_security_number, fk_third_party_type) VALUES ('c86b2b9f-d6a0-41f2-84a4-ce6c981b119f', 'Moreau', 'Julie', NULL, '1988-08-03', '12345123451234567890122', '188087512345', '4f2ff9dd-76c7-4783-b4f9-73064d563f1b');
INSERT INTO third_parties (id, surname, name, ref_photo, birth_date, bank_details, social_security_number, fk_third_party_type) VALUES ('6b367ba9-7ff9-4d9c-a3ac-9d5990783778', 'Lopez', 'Sophie', NULL, '1960-06-17', '12345123451234567890120', '160067512345', 'ee49b637-c2a4-439f-b4e4-ad232573538a');
INSERT INTO third_parties (id, surname, name, ref_photo, birth_date, bank_details, social_security_number, fk_third_party_type) VALUES ('6e9cfca2-6b26-4175-934f-3db6d7baf23b', 'Test', 'Damien', NULL, '1978-12-05', '12345123451234567890116', '278127512345', '4f2ff9dd-76c7-4783-b4f9-73064d563f1b');
INSERT INTO third_parties (id, surname, name, ref_photo, birth_date, bank_details, social_security_number, fk_third_party_type) VALUES ('ffa52277-e5f7-4b63-ba5d-00f7b23e0570', 'Garcia', 'Antoine', NULL, '1965-02-28', '12345123451234567890117', '165027512345', 'ee49b637-c2a4-439f-b4e4-ad232573538a');
INSERT INTO third_parties (id, surname, name, ref_photo, birth_date, bank_details, social_security_number, fk_third_party_type) VALUES ('b256a0d0-a73a-4b4a-ad58-39ee11ace2fa', 'Martinez', 'François', NULL, '1958-11-03', '12345123451234567890119', '158117512345', 'ee49b637-c2a4-439f-b4e4-ad232573538a');
INSERT INTO third_parties (id, surname, name, ref_photo, birth_date, bank_details, social_security_number, fk_third_party_type) VALUES ('f5a7a169-584d-4672-8e10-571d05f156f5', 'Girard', 'Alice', NULL, '1979-03-05', '12345123451234567890126', '179037512345', '4f2ff9dd-76c7-4783-b4f9-73064d563f1b');
INSERT INTO third_parties (id, surname, name, ref_photo, birth_date, bank_details, social_security_number, fk_third_party_type) VALUES ('27b01635-465f-448e-8487-5779eef21c23', 'Sanchez', 'Paul', NULL, '1973-04-20', '12345123451234567890121', '173047512345', 'ee49b637-c2a4-439f-b4e4-ad232573538a');
INSERT INTO third_parties (id, surname, name, ref_photo, birth_date, bank_details, social_security_number, fk_third_party_type) VALUES ('e79f6945-ddd6-4496-8481-ad88ca6b784a', 'Rodriguez', 'Isabelle', NULL, '1970-09-12', '12345123451234567890118', '170097512345', 'ee49b637-c2a4-439f-b4e4-ad232573538a');
INSERT INTO third_parties (id, surname, name, ref_photo, birth_date, bank_details, social_security_number, fk_third_party_type) VALUES ('9fd56529-ad50-40a0-8260-4ff3039b4fc0', 'Fournier', 'Luc', NULL, '1990-10-10', '12345123451234567890125', '191007512345', '4f2ff9dd-76c7-4783-b4f9-73064d563f1b');
INSERT INTO third_parties (id, surname, name, ref_photo, birth_date, bank_details, social_security_number, fk_third_party_type) VALUES ('5a20829d-f5d1-4842-8513-cb1164ce3ace', 'Roux', 'Marine', NULL, '1983-05-28', '12345123451234567890124', '183057512345', '4f2ff9dd-76c7-4783-b4f9-73064d563f1b');
INSERT INTO third_parties (id, surname, name, ref_photo, birth_date, bank_details, social_security_number, fk_third_party_type) VALUES ('d07b26dc-f2c3-4804-afea-cf8d3f2dfa52', 'Lefevre', 'Thomas', NULL, '1995-12-15', '12345123451234567890123', '195127512345', '4f2ff9dd-76c7-4783-b4f9-73064d563f1b');
INSERT INTO third_parties (id, surname, name, ref_photo, birth_date, bank_details, social_security_number, fk_third_party_type) VALUES ('6971b88e-45fa-4f62-8e6d-4fe28b1e5399', 'Leclerc', 'Anne', '46a18348-4774-47b1-b78b-deeed60e3f08', '1978-12-05', '12345123451234567890116', '278127512345', '6d574633-7da8-4d0b-9c98-6bc92283ae08');
INSERT INTO third_parties (id, surname, name, ref_photo, birth_date, bank_details, social_security_number, fk_third_party_type) VALUES ('61102e5d-bf9f-4dc9-b9a4-f6b56d8ade25', 'Lefebvre', 'Marie', '7399dbff-5111-4a1b-8e49-f729d0c5d71d', '1985-07-25', '12345123451234567890115', '285077512345', '6d574633-7da8-4d0b-9c98-6bc92283ae08');
INSERT INTO third_parties (id, surname, name, ref_photo, birth_date, bank_details, social_security_number, fk_third_party_type) VALUES ('424a4054-f790-4cdd-96bf-c31151dec6a7', 'Dupont', 'Jean', 'f77b0611-aa6b-4adf-ae31-50fd82624480', '1980-05-15', '12345123451234567890112', '180057512345', '6d574633-7da8-4d0b-9c98-6bc92283ae08');
INSERT INTO third_parties (id, surname, name, ref_photo, birth_date, bank_details, social_security_number, fk_third_party_type) VALUES ('bc9fca47-af81-4e2c-878d-d455e611ba02', 'Dubois', 'Pierre', '937e91bb-6719-4e0a-8fd1-0f37e8f27f8b', '1990-03-10', '12345123451234567890114', '190037512345', '6d574633-7da8-4d0b-9c98-6bc92283ae08');
INSERT INTO third_parties (id, surname, name, ref_photo, birth_date, bank_details, social_security_number, fk_third_party_type) VALUES ('ca722251-ca68-4b14-9e48-33d6648dbe7e', 'Martin', 'Sophie', 'cb5aea1a-1226-4cf5-a788-d31364d1d40f', '1975-10-20', '12345123451234567890113', '275107512345', '6d574633-7da8-4d0b-9c98-6bc92283ae08');


-- properties

INSERT INTO properties (id, creation_date, surface, nb_rooms, ref_photo, ref_photos_folder, fk_hot_water_type, fk_heating_type, fk_property_type, fk_property_class, fk_third_party_owner, fk_address) VALUES ('7b3e763d-9398-4bf8-8ce4-0301839f8f00', '2024-01-15', 85.5, 3, '9c6f4b26-7b21-4221-ae44-0248a748d8f5', NULL, '39bc91d8-4fda-4da8-aa31-dad2f6867767', '2582b14d-0b50-4168-8d6b-e53ee62aaa00', '09080964-ee56-48a9-b89f-640d228211f1', 'ba2eae28-e8fd-49ab-aeb3-4c8ad19e97cc', 'ffa52277-e5f7-4b63-ba5d-00f7b23e0570', '683e12be-6a56-42c0-9970-e2e8980d25e1');
INSERT INTO properties (id, creation_date, surface, nb_rooms, ref_photo, ref_photos_folder, fk_hot_water_type, fk_heating_type, fk_property_type, fk_property_class, fk_third_party_owner, fk_address) VALUES ('5baac978-8c78-4055-9166-891b6c6be362', '2023-12-20', 120, 4, '4f8a198b-cf7e-4907-8e56-8fd1cbe14643', NULL, '90222341-4102-4c64-b9bc-d31fee4d9b80', 'deed8427-222d-4a02-a7aa-8b5c3d98f6ef', '9cb3bbed-b14f-4e7b-ac48-ced4086da16d', '8cb98fe3-cb2d-4d71-9c90-8f9bf745b5a4', 'e79f6945-ddd6-4496-8481-ad88ca6b784a', '5a12eb9f-17dd-469e-8000-c7d1d0347305');
INSERT INTO properties (id, creation_date, surface, nb_rooms, ref_photo, ref_photos_folder, fk_hot_water_type, fk_heating_type, fk_property_type, fk_property_class, fk_third_party_owner, fk_address) VALUES ('926184ce-7caf-4771-989f-f950b5c69a98', '2024-02-10', 65, 2, 'd732423d-95db-4f7a-ba04-16e03d6a4db5', NULL, 'aa0f89e7-cf5a-4b06-8c5b-fd85cf4f2804', '39813013-7906-44bb-a46b-f9789a532d48', 'e8ce5325-80d1-4f9a-b95b-b8bf899ac5b3', '89b1ace5-8d1f-4472-ac71-8e55074369a2', 'b256a0d0-a73a-4b4a-ad58-39ee11ace2fa', '26b06a2c-e77e-4433-a0aa-a13aa47c19c6');
INSERT INTO properties (id, creation_date, surface, nb_rooms, ref_photo, ref_photos_folder, fk_hot_water_type, fk_heating_type, fk_property_type, fk_property_class, fk_third_party_owner, fk_address) VALUES ('73d00d1e-383d-4da2-bb4e-99df0d158120', '2023-11-05', 95, 3, '2c8f46bc-273e-432f-bd53-2d497170be07', NULL, '90222341-4102-4c64-b9bc-d31fee4d9b80', '2582b14d-0b50-4168-8d6b-e53ee62aaa00', 'a1e30fb2-e8c4-4d70-a3ce-1f00a236a671', '22257f8d-eb8e-4cf1-8b4e-57cf31def39a', '6b367ba9-7ff9-4d9c-a3ac-9d5990783778', 'e949fda0-1520-4ab6-98ca-197f82e1eed9');
INSERT INTO properties (id, creation_date, surface, nb_rooms, ref_photo, ref_photos_folder, fk_hot_water_type, fk_heating_type, fk_property_type, fk_property_class, fk_third_party_owner, fk_address) VALUES ('2656ecb7-0ae7-4151-8848-7cda410e2cb9', '2024-03-18', 110.5, 4, '8f84d7d9-0f6b-41fc-8c13-20956fb3fc72', NULL, '39bc91d8-4fda-4da8-aa31-dad2f6867767', '2582b14d-0b50-4168-8d6b-e53ee62aaa00', 'f1c0a787-b505-4d09-9696-12a2d671c827', 'efc202f4-71f7-47c9-a1f3-4128b62a4024', '27b01635-465f-448e-8487-5779eef21c23', '209ff892-c108-46b8-a1a5-db5c5e5fc387');
INSERT INTO properties (id, creation_date, surface, nb_rooms, ref_photo, ref_photos_folder, fk_hot_water_type, fk_heating_type, fk_property_type, fk_property_class, fk_third_party_owner, fk_address) VALUES ('07b45cab-166c-4028-8b20-5aa6c063ead0', '2023-10-22', 75, 2, 'a836f8c5-2a2a-4f42-90b1-ae9a9a05136e', NULL, '90222341-4102-4c64-b9bc-d31fee4d9b80', '2582b14d-0b50-4168-8d6b-e53ee62aaa00', '543f05ce-90ff-460b-986f-50ef6ac832d1', '3d186cd2-819e-46ff-a1ff-32f5d5403f70', '6b367ba9-7ff9-4d9c-a3ac-9d5990783778', '686ad79e-38bd-48d8-b491-e2f9a31569a4');
INSERT INTO properties (id, creation_date, surface, nb_rooms, ref_photo, ref_photos_folder, fk_hot_water_type, fk_heating_type, fk_property_type, fk_property_class, fk_third_party_owner, fk_address) VALUES ('ac43f653-31fd-4fd0-ae99-d3cf3f6a4148', '2023-12-20', 120, 4, 'fb4762e6-3b42-451a-b24d-d21129986d9a', NULL, '90222341-4102-4c64-b9bc-d31fee4d9b80', 'deed8427-222d-4a02-a7aa-8b5c3d98f6ef', '9cb3bbed-b14f-4e7b-ac48-ced4086da16d', '8cb98fe3-cb2d-4d71-9c90-8f9bf745b5a4', 'e79f6945-ddd6-4496-8481-ad88ca6b784a', '5e7ed930-d8c2-4059-9a00-c5adff3b224d');
INSERT INTO properties (id, creation_date, surface, nb_rooms, ref_photo, ref_photos_folder, fk_hot_water_type, fk_heating_type, fk_property_type, fk_property_class, fk_third_party_owner, fk_address) VALUES ('623c35c2-8ae6-40ed-8f1a-670a820708bf', '2024-03-18', 110.5, 4, '93f54f30-3b81-4521-8c7c-1e14060282b6', NULL, '39bc91d8-4fda-4da8-aa31-dad2f6867767', '2582b14d-0b50-4168-8d6b-e53ee62aaa00', 'f1c0a787-b505-4d09-9696-12a2d671c827', 'efc202f4-71f7-47c9-a1f3-4128b62a4024', '27b01635-465f-448e-8487-5779eef21c23', '4ae6b4b7-6797-4387-9e5e-300323cbe999');
INSERT INTO properties (id, creation_date, surface, nb_rooms, ref_photo, ref_photos_folder, fk_hot_water_type, fk_heating_type, fk_property_type, fk_property_class, fk_third_party_owner, fk_address) VALUES ('d73e1895-5ed2-4848-b16e-ff56a6f00d44', '2024-02-10', 65, 2, 'e016a99d-cf13-44e0-960b-0048936a130d', NULL, 'aa0f89e7-cf5a-4b06-8c5b-fd85cf4f2804', '39813013-7906-44bb-a46b-f9789a532d48', 'e8ce5325-80d1-4f9a-b95b-b8bf899ac5b3', '89b1ace5-8d1f-4472-ac71-8e55074369a2', 'b256a0d0-a73a-4b4a-ad58-39ee11ace2fa', 'f7a826e4-f9c5-4b4a-9a27-866e2ea99d9e');
INSERT INTO properties (id, creation_date, surface, nb_rooms, ref_photo, ref_photos_folder, fk_hot_water_type, fk_heating_type, fk_property_type, fk_property_class, fk_third_party_owner, fk_address) VALUES ('cbbf7cd0-7618-48b2-9736-c71924036d5d', '2024-01-15', 85.5, 3, 'b4dd6ab6-858b-4ba6-a847-ce33129c8ea2', NULL, '39bc91d8-4fda-4da8-aa31-dad2f6867767', '2582b14d-0b50-4168-8d6b-e53ee62aaa00', '09080964-ee56-48a9-b89f-640d228211f1', 'ba2eae28-e8fd-49ab-aeb3-4c8ad19e97cc', 'ffa52277-e5f7-4b63-ba5d-00f7b23e0570', 'b1b2893c-2430-42c6-8294-7d54e09f8bf4');
INSERT INTO properties (id, creation_date, surface, nb_rooms, ref_photo, ref_photos_folder, fk_hot_water_type, fk_heating_type, fk_property_type, fk_property_class, fk_third_party_owner, fk_address) VALUES ('401628a7-c9c1-4776-9e8f-ed7801dd7517', '2024-01-15', 85.5, 3, 'ca5d3c4b-f30d-4675-b82d-cdadfcfc3b1a', NULL, '39bc91d8-4fda-4da8-aa31-dad2f6867767', '2582b14d-0b50-4168-8d6b-e53ee62aaa00', '09080964-ee56-48a9-b89f-640d228211f1', 'ba2eae28-e8fd-49ab-aeb3-4c8ad19e97cc', 'ffa52277-e5f7-4b63-ba5d-00f7b23e0570', 'a38cb70c-533e-4ba3-84bc-51d87155ddf7');
INSERT INTO properties (id, creation_date, surface, nb_rooms, ref_photo, ref_photos_folder, fk_hot_water_type, fk_heating_type, fk_property_type, fk_property_class, fk_third_party_owner, fk_address) VALUES ('6d6136bc-00fc-45d2-835d-5b72f5e8ebed', '2023-11-05', 95, 3, '37bb6121-d95d-42cc-9ba3-7476efef1c2b', NULL, '90222341-4102-4c64-b9bc-d31fee4d9b80', '2582b14d-0b50-4168-8d6b-e53ee62aaa00', 'a1e30fb2-e8c4-4d70-a3ce-1f00a236a671', '22257f8d-eb8e-4cf1-8b4e-57cf31def39a', '6b367ba9-7ff9-4d9c-a3ac-9d5990783778', '1df4def3-dc74-4b93-aca4-adb57f47cc0b');
INSERT INTO properties (id, creation_date, surface, nb_rooms, ref_photo, ref_photos_folder, fk_hot_water_type, fk_heating_type, fk_property_type, fk_property_class, fk_third_party_owner, fk_address) VALUES ('90b66a3e-f7a9-4684-a971-b5ff8265fb1c', '2023-12-20', 120, 4, '36e7e75b-179e-412f-8d83-305bcab2fc41', NULL, '90222341-4102-4c64-b9bc-d31fee4d9b80', 'deed8427-222d-4a02-a7aa-8b5c3d98f6ef', '9cb3bbed-b14f-4e7b-ac48-ced4086da16d', '8cb98fe3-cb2d-4d71-9c90-8f9bf745b5a4', 'e79f6945-ddd6-4496-8481-ad88ca6b784a', '5241b862-c220-48c1-a56b-2c5793fc171b');
INSERT INTO properties (id, creation_date, surface, nb_rooms, ref_photo, ref_photos_folder, fk_hot_water_type, fk_heating_type, fk_property_type, fk_property_class, fk_third_party_owner, fk_address) VALUES ('397c693d-f7b2-4b36-b536-dc7e4703bb16', '2024-02-10', 65, 2, 'c10a193e-c6ce-439f-a5e0-f18157479eb5', NULL, 'aa0f89e7-cf5a-4b06-8c5b-fd85cf4f2804', '39813013-7906-44bb-a46b-f9789a532d48', 'e8ce5325-80d1-4f9a-b95b-b8bf899ac5b3', '89b1ace5-8d1f-4472-ac71-8e55074369a2', 'b256a0d0-a73a-4b4a-ad58-39ee11ace2fa', '99d1ab4c-a746-456a-a499-81c6f8ae4aff');
INSERT INTO properties (id, creation_date, surface, nb_rooms, ref_photo, ref_photos_folder, fk_hot_water_type, fk_heating_type, fk_property_type, fk_property_class, fk_third_party_owner, fk_address) VALUES ('bb3b98dc-4bfd-42ab-9b34-5d4d9df126a1', '2024-03-18', 110.5, 4, 'c6262209-ded8-41da-9899-efe2a85e0b8b', NULL, '39bc91d8-4fda-4da8-aa31-dad2f6867767', '2582b14d-0b50-4168-8d6b-e53ee62aaa00', 'f1c0a787-b505-4d09-9696-12a2d671c827', 'efc202f4-71f7-47c9-a1f3-4128b62a4024', '27b01635-465f-448e-8487-5779eef21c23', '63eee4c2-8ea0-4ede-8f83-f2234a67b5ac');


-- room_types

INSERT INTO room_types (id, label) VALUES ('874ee7c3-5374-4756-9a6e-093ece465f16', 'Logement');
INSERT INTO room_types (id, label) VALUES ('6a7621bd-1092-45a3-9f53-94fadef12445', 'Annexe');


-- rooms

INSERT INTO rooms (id, description, area, nb_walls, nb_doors, nb_windows, reference, number_order, fk_allocation, fk_room_type, fk_property) VALUES ('cb60ab50-031c-4e99-9092-ba1e1ec028c9', 'Cuisine', 25, 4, 2, 3, 'N/A', 1, '6a8c5739-0304-421e-9b9a-e96241d40dfe', '874ee7c3-5374-4756-9a6e-093ece465f16', '7b3e763d-9398-4bf8-8ce4-0301839f8f00');
INSERT INTO rooms (id, description, area, nb_walls, nb_doors, nb_windows, reference, number_order, fk_allocation, fk_room_type, fk_property) VALUES ('e0ef39a2-9186-45d7-b55a-6ae75ae576cb', 'Salon', 30, 4, 2, 4, 'N/A', 1, 'b335fcdd-d24a-4be7-b089-44fa8b687745', '874ee7c3-5374-4756-9a6e-093ece465f16', '5baac978-8c78-4055-9166-891b6c6be362');
INSERT INTO rooms (id, description, area, nb_walls, nb_doors, nb_windows, reference, number_order, fk_allocation, fk_room_type, fk_property) VALUES ('fb8e8958-88a3-4d18-9977-a0e838b66066', 'Cuisine', 20, 4, 1, 2, 'N/A', 4, '6a8c5739-0304-421e-9b9a-e96241d40dfe', '874ee7c3-5374-4756-9a6e-093ece465f16', '5baac978-8c78-4055-9166-891b6c6be362');
INSERT INTO rooms (id, description, area, nb_walls, nb_doors, nb_windows, reference, number_order, fk_allocation, fk_room_type, fk_property) VALUES ('26b0ab41-dce4-4959-a26e-4c47e66c892c', 'Salle de bains', 22, 4, 2, 3, 'N/A', 1, '0e5f67db-d3a5-42af-842d-7fa3c61af28f', '874ee7c3-5374-4756-9a6e-093ece465f16', '926184ce-7caf-4771-989f-f950b5c69a98');
INSERT INTO rooms (id, description, area, nb_walls, nb_doors, nb_windows, reference, number_order, fk_allocation, fk_room_type, fk_property) VALUES ('bd76c268-361b-459d-9165-6921d52d0380', 'Salon', 30, 4, 2, 4, 'N/A', 1, 'b335fcdd-d24a-4be7-b089-44fa8b687745', '874ee7c3-5374-4756-9a6e-093ece465f16', '73d00d1e-383d-4da2-bb4e-99df0d158120');
INSERT INTO rooms (id, description, area, nb_walls, nb_doors, nb_windows, reference, number_order, fk_allocation, fk_room_type, fk_property) VALUES ('ba0fb309-b2fc-4d8d-8ef1-a2755750d4db', 'Salon', 30, 4, 2, 4, 'N/A', 1, 'b335fcdd-d24a-4be7-b089-44fa8b687745', '874ee7c3-5374-4756-9a6e-093ece465f16', '2656ecb7-0ae7-4151-8848-7cda410e2cb9');
INSERT INTO rooms (id, description, area, nb_walls, nb_doors, nb_windows, reference, number_order, fk_allocation, fk_room_type, fk_property) VALUES ('b78f6a54-9995-4dee-a2b3-cdceb896f743', 'Cuisine', 20, 4, 1, 2, 'N/A', 4, '6a8c5739-0304-421e-9b9a-e96241d40dfe', '874ee7c3-5374-4756-9a6e-093ece465f16', '2656ecb7-0ae7-4151-8848-7cda410e2cb9');
INSERT INTO rooms (id, description, area, nb_walls, nb_doors, nb_windows, reference, number_order, fk_allocation, fk_room_type, fk_property) VALUES ('799c5b87-7ae1-4f2c-9c6c-ce69c45cc5ff', 'Salon', 30, 4, 2, 4, 'N/A', 1, 'b335fcdd-d24a-4be7-b089-44fa8b687745', '874ee7c3-5374-4756-9a6e-093ece465f16', '07b45cab-166c-4028-8b20-5aa6c063ead0');
INSERT INTO rooms (id, description, area, nb_walls, nb_doors, nb_windows, reference, number_order, fk_allocation, fk_room_type, fk_property) VALUES ('daa44156-eaf7-42f1-9987-00d62c404d6a', 'Salon', 30, 4, 2, 4, 'N/A', 1, 'b335fcdd-d24a-4be7-b089-44fa8b687745', '874ee7c3-5374-4756-9a6e-093ece465f16', '401628a7-c9c1-4776-9e8f-ed7801dd7517');
INSERT INTO rooms (id, description, area, nb_walls, nb_doors, nb_windows, reference, number_order, fk_allocation, fk_room_type, fk_property) VALUES ('3546a42a-8598-41ea-9690-a14a79d81a65', 'Salon', 30, 4, 2, 4, 'N/A', 1, 'b335fcdd-d24a-4be7-b089-44fa8b687745', '874ee7c3-5374-4756-9a6e-093ece465f16', '90b66a3e-f7a9-4684-a971-b5ff8265fb1c');
INSERT INTO rooms (id, description, area, nb_walls, nb_doors, nb_windows, reference, number_order, fk_allocation, fk_room_type, fk_property) VALUES ('412a29a0-ab0f-4043-92bc-5cdacf911e76', 'Cuisine', 20, 4, 1, 2, 'N/A', 4, '6a8c5739-0304-421e-9b9a-e96241d40dfe', '874ee7c3-5374-4756-9a6e-093ece465f16', '90b66a3e-f7a9-4684-a971-b5ff8265fb1c');
INSERT INTO rooms (id, description, area, nb_walls, nb_doors, nb_windows, reference, number_order, fk_allocation, fk_room_type, fk_property) VALUES ('5e064c36-a329-47e5-a823-e5594371c470', 'Salon', 30, 4, 2, 4, 'N/A', 1, 'b335fcdd-d24a-4be7-b089-44fa8b687745', '874ee7c3-5374-4756-9a6e-093ece465f16', '397c693d-f7b2-4b36-b536-dc7e4703bb16');
INSERT INTO rooms (id, description, area, nb_walls, nb_doors, nb_windows, reference, number_order, fk_allocation, fk_room_type, fk_property) VALUES ('692a2cf0-1129-43af-a738-441b5229f73f', 'Salon', 30, 4, 2, 4, 'N/A', 1, 'b335fcdd-d24a-4be7-b089-44fa8b687745', '874ee7c3-5374-4756-9a6e-093ece465f16', '6d6136bc-00fc-45d2-835d-5b72f5e8ebed');
INSERT INTO rooms (id, description, area, nb_walls, nb_doors, nb_windows, reference, number_order, fk_allocation, fk_room_type, fk_property) VALUES ('6f53edc6-65f0-4dfa-985f-767a98ee2c23', 'Salon', 30, 4, 2, 4, 'N/A', 1, 'b335fcdd-d24a-4be7-b089-44fa8b687745', '874ee7c3-5374-4756-9a6e-093ece465f16', 'bb3b98dc-4bfd-42ab-9b34-5d4d9df126a1');
INSERT INTO rooms (id, description, area, nb_walls, nb_doors, nb_windows, reference, number_order, fk_allocation, fk_room_type, fk_property) VALUES ('2bfd91f1-3da5-46d3-8e3a-b552513f0479', 'Cuisine', 20, 4, 1, 2, 'N/A', 4, '6a8c5739-0304-421e-9b9a-e96241d40dfe', '874ee7c3-5374-4756-9a6e-093ece465f16', 'bb3b98dc-4bfd-42ab-9b34-5d4d9df126a1');
INSERT INTO rooms (id, description, area, nb_walls, nb_doors, nb_windows, reference, number_order, fk_allocation, fk_room_type, fk_property) VALUES ('1fa8b23e-aa7f-4e42-990b-5487186b7d5d', 'Salon', 30, 4, 2, 4, 'N/A', 1, 'b335fcdd-d24a-4be7-b089-44fa8b687745', '874ee7c3-5374-4756-9a6e-093ece465f16', 'cbbf7cd0-7618-48b2-9736-c71924036d5d');
INSERT INTO rooms (id, description, area, nb_walls, nb_doors, nb_windows, reference, number_order, fk_allocation, fk_room_type, fk_property) VALUES ('f23ff1a1-bc24-484d-b425-43943ca05fd6', 'Salon', 30, 4, 2, 4, 'N/A', 1, 'b335fcdd-d24a-4be7-b089-44fa8b687745', '874ee7c3-5374-4756-9a6e-093ece465f16', 'ac43f653-31fd-4fd0-ae99-d3cf3f6a4148');
INSERT INTO rooms (id, description, area, nb_walls, nb_doors, nb_windows, reference, number_order, fk_allocation, fk_room_type, fk_property) VALUES ('fc1f925f-4533-4162-953c-c2663bb4cc34', 'Cuisine', 20, 4, 1, 2, 'N/A', 4, '6a8c5739-0304-421e-9b9a-e96241d40dfe', '874ee7c3-5374-4756-9a6e-093ece465f16', 'ac43f653-31fd-4fd0-ae99-d3cf3f6a4148');
INSERT INTO rooms (id, description, area, nb_walls, nb_doors, nb_windows, reference, number_order, fk_allocation, fk_room_type, fk_property) VALUES ('6cfd2970-d082-405d-8612-c960e425d5e7', 'Salon', 30, 4, 2, 4, 'N/A', 1, 'b335fcdd-d24a-4be7-b089-44fa8b687745', '874ee7c3-5374-4756-9a6e-093ece465f16', 'd73e1895-5ed2-4848-b16e-ff56a6f00d44');
INSERT INTO rooms (id, description, area, nb_walls, nb_doors, nb_windows, reference, number_order, fk_allocation, fk_room_type, fk_property) VALUES ('743c5bad-01da-4838-853b-19413eff0c16', 'Salon', 30, 4, 2, 4, 'N/A', 1, 'b335fcdd-d24a-4be7-b089-44fa8b687745', '874ee7c3-5374-4756-9a6e-093ece465f16', '623c35c2-8ae6-40ed-8f1a-670a820708bf');
INSERT INTO rooms (id, description, area, nb_walls, nb_doors, nb_windows, reference, number_order, fk_allocation, fk_room_type, fk_property) VALUES ('63f2fe5c-c896-4ed4-a14e-0926e1e2a415', 'Cuisine', 20, 4, 1, 2, 'N/A', 4, '6a8c5739-0304-421e-9b9a-e96241d40dfe', '874ee7c3-5374-4756-9a6e-093ece465f16', '623c35c2-8ae6-40ed-8f1a-670a820708bf');
INSERT INTO rooms (id, description, area, nb_walls, nb_doors, nb_windows, reference, number_order, fk_allocation, fk_room_type, fk_property) VALUES ('ebf4bce8-631c-4b26-bde3-b3bbf8bfe561', 'Salon', 20, 4, 1, 2, 'N/A', 2, 'b335fcdd-d24a-4be7-b089-44fa8b687745', '874ee7c3-5374-4756-9a6e-093ece465f16', '7b3e763d-9398-4bf8-8ce4-0301839f8f00');
INSERT INTO rooms (id, description, area, nb_walls, nb_doors, nb_windows, reference, number_order, fk_allocation, fk_room_type, fk_property) VALUES ('0a9dc868-28ce-493f-a9e6-9b93ce137477', 'Cuisine', 18, 4, 1, 2, 'N/A', 2, '6a8c5739-0304-421e-9b9a-e96241d40dfe', '874ee7c3-5374-4756-9a6e-093ece465f16', 'cbbf7cd0-7618-48b2-9736-c71924036d5d');
INSERT INTO rooms (id, description, area, nb_walls, nb_doors, nb_windows, reference, number_order, fk_allocation, fk_room_type, fk_property) VALUES ('1fe20f28-646e-4248-bc8f-3af1be1afeb8', 'Toilettes', 12, 4, 1, 1, 'N/A', 3, '6bf299b7-7f5f-42b8-b5cd-836166394a1c', '874ee7c3-5374-4756-9a6e-093ece465f16', '73d00d1e-383d-4da2-bb4e-99df0d158120');
INSERT INTO rooms (id, description, area, nb_walls, nb_doors, nb_windows, reference, number_order, fk_allocation, fk_room_type, fk_property) VALUES ('51da0ed6-d5be-4b4b-bcdc-d97d563ec22d', 'Toilettes', 12, 4, 1, 1, 'N/A', 3, '6bf299b7-7f5f-42b8-b5cd-836166394a1c', '874ee7c3-5374-4756-9a6e-093ece465f16', '2656ecb7-0ae7-4151-8848-7cda410e2cb9');
INSERT INTO rooms (id, description, area, nb_walls, nb_doors, nb_windows, reference, number_order, fk_allocation, fk_room_type, fk_property) VALUES ('0bb97ea4-6fde-4e31-86a2-44403b473d07', 'Cuisine', 18, 4, 1, 2, 'N/A', 2, '6a8c5739-0304-421e-9b9a-e96241d40dfe', '874ee7c3-5374-4756-9a6e-093ece465f16', 'ac43f653-31fd-4fd0-ae99-d3cf3f6a4148');
INSERT INTO rooms (id, description, area, nb_walls, nb_doors, nb_windows, reference, number_order, fk_allocation, fk_room_type, fk_property) VALUES ('552c4a90-2073-4429-8289-532aa44db4f3', 'Cuisine', 18, 4, 1, 2, 'N/A', 2, '6a8c5739-0304-421e-9b9a-e96241d40dfe', '874ee7c3-5374-4756-9a6e-093ece465f16', 'bb3b98dc-4bfd-42ab-9b34-5d4d9df126a1');
INSERT INTO rooms (id, description, area, nb_walls, nb_doors, nb_windows, reference, number_order, fk_allocation, fk_room_type, fk_property) VALUES ('fdde45f7-283d-43c5-aaf0-751e2866f6cf', 'Cuisine', 18, 4, 1, 2, 'N/A', 2, '6a8c5739-0304-421e-9b9a-e96241d40dfe', '874ee7c3-5374-4756-9a6e-093ece465f16', '6d6136bc-00fc-45d2-835d-5b72f5e8ebed');
INSERT INTO rooms (id, description, area, nb_walls, nb_doors, nb_windows, reference, number_order, fk_allocation, fk_room_type, fk_property) VALUES ('08808953-e2a2-4db2-a898-0732455f97a6', 'Cuisine', 18, 4, 1, 2, 'N/A', 2, '6a8c5739-0304-421e-9b9a-e96241d40dfe', '874ee7c3-5374-4756-9a6e-093ece465f16', '5baac978-8c78-4055-9166-891b6c6be362');
INSERT INTO rooms (id, description, area, nb_walls, nb_doors, nb_windows, reference, number_order, fk_allocation, fk_room_type, fk_property) VALUES ('32456ba9-1e10-4cef-88b2-3248afb4110f', 'Toilettes', 15, 4, 1, 1, 'N/A', 2, '6bf299b7-7f5f-42b8-b5cd-836166394a1c', '874ee7c3-5374-4756-9a6e-093ece465f16', '926184ce-7caf-4771-989f-f950b5c69a98');
INSERT INTO rooms (id, description, area, nb_walls, nb_doors, nb_windows, reference, number_order, fk_allocation, fk_room_type, fk_property) VALUES ('a4aaa798-e689-46cf-b1d0-944c3eaba915', 'Cuisine', 18, 4, 1, 2, 'N/A', 2, '6a8c5739-0304-421e-9b9a-e96241d40dfe', '874ee7c3-5374-4756-9a6e-093ece465f16', '397c693d-f7b2-4b36-b536-dc7e4703bb16');
INSERT INTO rooms (id, description, area, nb_walls, nb_doors, nb_windows, reference, number_order, fk_allocation, fk_room_type, fk_property) VALUES ('9a8b7674-711e-4937-bd24-bcad65a9b01f', 'Toilettes', 12, 4, 1, 1, 'N/A', 3, '6bf299b7-7f5f-42b8-b5cd-836166394a1c', '874ee7c3-5374-4756-9a6e-093ece465f16', '5baac978-8c78-4055-9166-891b6c6be362');
INSERT INTO rooms (id, description, area, nb_walls, nb_doors, nb_windows, reference, number_order, fk_allocation, fk_room_type, fk_property) VALUES ('097f3d73-36d5-4c28-bced-4bf5dfd998f2', 'Toilettes', 12, 4, 1, 1, 'N/A', 3, '6bf299b7-7f5f-42b8-b5cd-836166394a1c', '874ee7c3-5374-4756-9a6e-093ece465f16', '401628a7-c9c1-4776-9e8f-ed7801dd7517');
INSERT INTO rooms (id, description, area, nb_walls, nb_doors, nb_windows, reference, number_order, fk_allocation, fk_room_type, fk_property) VALUES ('0f4a2895-2c19-4540-9a2d-5f72e22c52b1', 'Toilettes', 12, 4, 1, 1, 'N/A', 3, '6bf299b7-7f5f-42b8-b5cd-836166394a1c', '874ee7c3-5374-4756-9a6e-093ece465f16', 'ac43f653-31fd-4fd0-ae99-d3cf3f6a4148');
INSERT INTO rooms (id, description, area, nb_walls, nb_doors, nb_windows, reference, number_order, fk_allocation, fk_room_type, fk_property) VALUES ('981cfdd4-4daf-4071-96b2-9adaa0c764ba', 'Cuisine', 18, 4, 1, 2, 'N/A', 2, '6a8c5739-0304-421e-9b9a-e96241d40dfe', '874ee7c3-5374-4756-9a6e-093ece465f16', '2656ecb7-0ae7-4151-8848-7cda410e2cb9');
INSERT INTO rooms (id, description, area, nb_walls, nb_doors, nb_windows, reference, number_order, fk_allocation, fk_room_type, fk_property) VALUES ('71e9528c-5ff9-40fe-8c7a-3ff3d387bd4a', 'Toilettes', 12, 4, 1, 1, 'N/A', 3, '6bf299b7-7f5f-42b8-b5cd-836166394a1c', '874ee7c3-5374-4756-9a6e-093ece465f16', '623c35c2-8ae6-40ed-8f1a-670a820708bf');
INSERT INTO rooms (id, description, area, nb_walls, nb_doors, nb_windows, reference, number_order, fk_allocation, fk_room_type, fk_property) VALUES ('9dbf8bd7-305f-4d3e-8d6b-8a979f297226', 'Cuisine', 18, 4, 1, 2, 'N/A', 2, '6a8c5739-0304-421e-9b9a-e96241d40dfe', '874ee7c3-5374-4756-9a6e-093ece465f16', '623c35c2-8ae6-40ed-8f1a-670a820708bf');
INSERT INTO rooms (id, description, area, nb_walls, nb_doors, nb_windows, reference, number_order, fk_allocation, fk_room_type, fk_property) VALUES ('1611c4a7-9aa9-4c99-ab0b-384f43caf688', 'Toilettes', 12, 4, 1, 1, 'N/A', 3, '6bf299b7-7f5f-42b8-b5cd-836166394a1c', '874ee7c3-5374-4756-9a6e-093ece465f16', '90b66a3e-f7a9-4684-a971-b5ff8265fb1c');
INSERT INTO rooms (id, description, area, nb_walls, nb_doors, nb_windows, reference, number_order, fk_allocation, fk_room_type, fk_property) VALUES ('c616ac40-3cfc-49e4-ba21-fc411a86e092', 'Cuisine', 18, 4, 1, 2, 'N/A', 2, '6a8c5739-0304-421e-9b9a-e96241d40dfe', '874ee7c3-5374-4756-9a6e-093ece465f16', '90b66a3e-f7a9-4684-a971-b5ff8265fb1c');
INSERT INTO rooms (id, description, area, nb_walls, nb_doors, nb_windows, reference, number_order, fk_allocation, fk_room_type, fk_property) VALUES ('ca001eaa-3fb3-4557-abed-faa49b39c7ad', 'Toilettes', 12, 4, 1, 1, 'N/A', 3, '6bf299b7-7f5f-42b8-b5cd-836166394a1c', '874ee7c3-5374-4756-9a6e-093ece465f16', '6d6136bc-00fc-45d2-835d-5b72f5e8ebed');
INSERT INTO rooms (id, description, area, nb_walls, nb_doors, nb_windows, reference, number_order, fk_allocation, fk_room_type, fk_property) VALUES ('fac798ad-b091-433d-bf24-a3bf36ef680e', 'Cuisine', 18, 4, 1, 2, 'N/A', 2, '6a8c5739-0304-421e-9b9a-e96241d40dfe', '874ee7c3-5374-4756-9a6e-093ece465f16', '73d00d1e-383d-4da2-bb4e-99df0d158120');
INSERT INTO rooms (id, description, area, nb_walls, nb_doors, nb_windows, reference, number_order, fk_allocation, fk_room_type, fk_property) VALUES ('b07c007f-d969-4d6e-9833-eac3a6273b62', 'Toilettes', 12, 4, 1, 1, 'N/A', 3, '6bf299b7-7f5f-42b8-b5cd-836166394a1c', '874ee7c3-5374-4756-9a6e-093ece465f16', 'cbbf7cd0-7618-48b2-9736-c71924036d5d');
INSERT INTO rooms (id, description, area, nb_walls, nb_doors, nb_windows, reference, number_order, fk_allocation, fk_room_type, fk_property) VALUES ('36bec8d3-a195-42b1-a666-da845a92cdf1', 'Cuisine', 18, 4, 1, 2, 'N/A', 2, '6a8c5739-0304-421e-9b9a-e96241d40dfe', '874ee7c3-5374-4756-9a6e-093ece465f16', 'd73e1895-5ed2-4848-b16e-ff56a6f00d44');
INSERT INTO rooms (id, description, area, nb_walls, nb_doors, nb_windows, reference, number_order, fk_allocation, fk_room_type, fk_property) VALUES ('7e9a2a4e-9c7b-4647-aeb1-0cd1e5bd63ad', 'Toilettes', 12, 4, 1, 1, 'N/A', 3, '6bf299b7-7f5f-42b8-b5cd-836166394a1c', '874ee7c3-5374-4756-9a6e-093ece465f16', 'bb3b98dc-4bfd-42ab-9b34-5d4d9df126a1');
INSERT INTO rooms (id, description, area, nb_walls, nb_doors, nb_windows, reference, number_order, fk_allocation, fk_room_type, fk_property) VALUES ('d5538175-8ea3-439f-a02b-980e81f86846', 'Cuisine', 18, 4, 1, 2, 'N/A', 2, '6a8c5739-0304-421e-9b9a-e96241d40dfe', '874ee7c3-5374-4756-9a6e-093ece465f16', '401628a7-c9c1-4776-9e8f-ed7801dd7517');
INSERT INTO rooms (id, description, area, nb_walls, nb_doors, nb_windows, reference, number_order, fk_allocation, fk_room_type, fk_property) VALUES ('e49afab7-e9af-4381-8168-5e6cfba3244a', 'Cuisine', 18, 4, 1, 2, 'N/A', 2, '6a8c5739-0304-421e-9b9a-e96241d40dfe', '874ee7c3-5374-4756-9a6e-093ece465f16', '07b45cab-166c-4028-8b20-5aa6c063ead0');
INSERT INTO rooms (id, description, area, nb_walls, nb_doors, nb_windows, reference, number_order, fk_allocation, fk_room_type, fk_property) VALUES ('128aa624-cc4e-4ae9-bfa8-6353053232ec', 'Salle à manger', 15, 4, 1, 1, 'N/A', 3, '4972cb0d-dbc8-4886-8a04-dd9e39e1b8eb', '874ee7c3-5374-4756-9a6e-093ece465f16', '7b3e763d-9398-4bf8-8ce4-0301839f8f00');


-- elements

INSERT INTO elements (id, attributes, ref_photo, ref_photos_folder, description, fk_parent_element, fk_element_type, fk_room) VALUES ('32e592a3-ed4e-4298-900d-0456bb67232a', '"Couleur"=>"Gris"', '6b59d686-868a-4c79-b5be-ec618be8e92a', 'c8c9db84-5019-4c51-bcb9-c6559a2ef9bf', 'Mur', NULL, '1af90b8d-a067-4459-be2d-437c574cd60c', 'cb60ab50-031c-4e99-9092-ba1e1ec028c9');
INSERT INTO elements (id, attributes, ref_photo, ref_photos_folder, description, fk_parent_element, fk_element_type, fk_room) VALUES ('1e3a2229-91fa-4163-bdde-1a9dd1ae39e4', '"Couleur"=>"Gris"', '92291992-0d2c-4754-bea8-5e3f3ef03a88', '00bd47c8-d62d-47a5-ac05-76b45f68a9fc', 'Mur', NULL, '1af90b8d-a067-4459-be2d-437c574cd60c', 'cb60ab50-031c-4e99-9092-ba1e1ec028c9');
INSERT INTO elements (id, attributes, ref_photo, ref_photos_folder, description, fk_parent_element, fk_element_type, fk_room) VALUES ('bfe0a891-b4ca-43f5-95df-96e672f43597', '"Couleur"=>"Gris"', 'ef0df5dc-345c-4035-a1d4-9c61879daf9a', '7db620d7-fd36-40e0-ab54-8fde6da5726e', 'Mur', NULL, '1af90b8d-a067-4459-be2d-437c574cd60c', 'cb60ab50-031c-4e99-9092-ba1e1ec028c9');
INSERT INTO elements (id, attributes, ref_photo, ref_photos_folder, description, fk_parent_element, fk_element_type, fk_room) VALUES ('78f58f2b-2d8d-4c4d-936d-c7570ed065a3', '"Couleur"=>"Gris"', '7e150e5e-79fa-463e-a287-2b72f18d606d', 'db38a1ec-41b7-4f11-b394-27cb47decba1', 'Mur', NULL, '1af90b8d-a067-4459-be2d-437c574cd60c', 'cb60ab50-031c-4e99-9092-ba1e1ec028c9');
INSERT INTO elements (id, attributes, ref_photo, ref_photos_folder, description, fk_parent_element, fk_element_type, fk_room) VALUES ('3d160043-f209-4332-9a4c-ec14c199ffcd', '"Couleur"=>"Noir"', '4ac4e7f6-e921-44dc-aa8c-fda933d07081', '66a47815-048e-4f16-b931-a3441395234c', 'Sol', NULL, '3185d43c-df4e-4b31-b404-ba53ed42329a', 'cb60ab50-031c-4e99-9092-ba1e1ec028c9');
INSERT INTO elements (id, attributes, ref_photo, ref_photos_folder, description, fk_parent_element, fk_element_type, fk_room) VALUES ('b15f9201-460d-4a23-b843-596c4804321e', '"Couleur"=>"Blanc"', 'e1ea148c-119a-45a2-a839-71d56885fadf', 'e4436788-4122-410f-b9fb-92c0a10dbc23', 'Plafond', NULL, '3907aaf4-39d8-43e4-bfe2-aa507985f1ba', 'cb60ab50-031c-4e99-9092-ba1e1ec028c9');
INSERT INTO elements (id, attributes, ref_photo, ref_photos_folder, description, fk_parent_element, fk_element_type, fk_room) VALUES ('80b28fd0-8293-43cd-ae29-316b1065f00e', '"Couleur"=>"Gris"', 'da399ea2-2ba3-49b0-a8ee-14c3520e4c02', 'b10c18a3-5f66-4ea3-8b28-0ebb4eeedf56', 'Mur', NULL, '1af90b8d-a067-4459-be2d-437c574cd60c', 'e0ef39a2-9186-45d7-b55a-6ae75ae576cb');
INSERT INTO elements (id, attributes, ref_photo, ref_photos_folder, description, fk_parent_element, fk_element_type, fk_room) VALUES ('c16aaf56-bf05-4316-aa1b-80ef3859e59a', '"Couleur"=>"Gris"', 'ee914dab-9660-46ed-b1c4-58bc58b72193', '8ea9f720-c1d5-4ba8-b36c-29179ccb3724', 'Mur', NULL, '1af90b8d-a067-4459-be2d-437c574cd60c', 'e0ef39a2-9186-45d7-b55a-6ae75ae576cb');
INSERT INTO elements (id, attributes, ref_photo, ref_photos_folder, description, fk_parent_element, fk_element_type, fk_room) VALUES ('9d47008a-3899-464b-a30f-9e99e566f766', '"Couleur"=>"Gris"', '66f7ed81-ba55-42f9-b2e0-06dad0874779', 'd8a860c3-d40f-42fc-a8dc-2f9798fa8837', 'Mur', NULL, '1af90b8d-a067-4459-be2d-437c574cd60c', 'e0ef39a2-9186-45d7-b55a-6ae75ae576cb');
INSERT INTO elements (id, attributes, ref_photo, ref_photos_folder, description, fk_parent_element, fk_element_type, fk_room) VALUES ('ad8546dd-6611-4963-8d6c-a6282c9b38bd', '"Couleur"=>"Gris"', 'dcbe0313-1ddf-4e7b-9773-162da500604a', '606d80ed-bdb0-4d89-836b-b341b40f5980', 'Mur', NULL, '1af90b8d-a067-4459-be2d-437c574cd60c', 'e0ef39a2-9186-45d7-b55a-6ae75ae576cb');
INSERT INTO elements (id, attributes, ref_photo, ref_photos_folder, description, fk_parent_element, fk_element_type, fk_room) VALUES ('cfd852aa-5106-4370-934d-a051019c5286', '"Couleur"=>"Noir"', '7ed19644-e373-4fe7-b22f-7c9f5fe18c59', 'd5148de9-0111-4c97-a219-470e5a5d7620', 'Sol', NULL, '3185d43c-df4e-4b31-b404-ba53ed42329a', 'e0ef39a2-9186-45d7-b55a-6ae75ae576cb');
INSERT INTO elements (id, attributes, ref_photo, ref_photos_folder, description, fk_parent_element, fk_element_type, fk_room) VALUES ('0d5458a3-d330-4ddd-997c-a55bd07d7cbe', '"Couleur"=>"Blanc"', 'fcbe1de7-e4e2-451e-950b-84ab1d4cf83f', '79f8fdea-3566-4e49-a4b0-03a7ea8c8299', 'Plafond', NULL, '3907aaf4-39d8-43e4-bfe2-aa507985f1ba', 'e0ef39a2-9186-45d7-b55a-6ae75ae576cb');
INSERT INTO elements (id, attributes, ref_photo, ref_photos_folder, description, fk_parent_element, fk_element_type, fk_room) VALUES ('385868b9-0cea-4f72-a16e-235e8a88492c', '"Couleur"=>"Gris"', 'af0e53c5-e4e5-4876-9114-550920a72018', '0d94896b-03b9-43e6-b373-5073000835fd', 'Mur', NULL, '1af90b8d-a067-4459-be2d-437c574cd60c', 'fb8e8958-88a3-4d18-9977-a0e838b66066');
INSERT INTO elements (id, attributes, ref_photo, ref_photos_folder, description, fk_parent_element, fk_element_type, fk_room) VALUES ('b7e1b8ee-c53f-4c70-8ce2-b128f3d80089', '"Couleur"=>"Gris"', 'dc28492f-c4b7-44ec-b32f-2ccd1ed417d0', '1acea8d3-8750-45a4-b9e4-fbb1abe3adb2', 'Mur', NULL, '1af90b8d-a067-4459-be2d-437c574cd60c', 'fb8e8958-88a3-4d18-9977-a0e838b66066');
INSERT INTO elements (id, attributes, ref_photo, ref_photos_folder, description, fk_parent_element, fk_element_type, fk_room) VALUES ('2367a820-1064-4701-b2b6-335b58b15aa0', '"Couleur"=>"Gris"', 'c2ecea4f-3cce-463d-bb56-b99eb059e9b3', '590d5a98-8e8e-4146-9f0e-fddd39f72efc', 'Mur', NULL, '1af90b8d-a067-4459-be2d-437c574cd60c', 'fb8e8958-88a3-4d18-9977-a0e838b66066');
INSERT INTO elements (id, attributes, ref_photo, ref_photos_folder, description, fk_parent_element, fk_element_type, fk_room) VALUES ('169d3a6d-4739-4ef0-b0a5-fdfb972b738e', '"Couleur"=>"Gris"', '4c9d19fa-9112-40ff-be2a-08bedbbb7feb', '77ae327b-4d39-4922-a851-5a916166e9c9', 'Mur', NULL, '1af90b8d-a067-4459-be2d-437c574cd60c', 'fb8e8958-88a3-4d18-9977-a0e838b66066');
INSERT INTO elements (id, attributes, ref_photo, ref_photos_folder, description, fk_parent_element, fk_element_type, fk_room) VALUES ('baac120a-9d90-43b1-89d2-07451d5de0a3', '"Couleur"=>"Noir"', 'a360d1bb-72ae-4168-8e02-956a8a993c09', 'd433b460-0bfc-4ad2-941f-94bd445fde49', 'Sol', NULL, '3185d43c-df4e-4b31-b404-ba53ed42329a', 'fb8e8958-88a3-4d18-9977-a0e838b66066');
INSERT INTO elements (id, attributes, ref_photo, ref_photos_folder, description, fk_parent_element, fk_element_type, fk_room) VALUES ('e0a6a634-f02e-4183-9274-d535992f896f', '"Couleur"=>"Blanc"', '9a669175-1373-4377-825a-cbb756817dff', '71e6256b-ce70-4bd3-9110-144e59ec2ed1', 'Plafond', NULL, '3907aaf4-39d8-43e4-bfe2-aa507985f1ba', 'fb8e8958-88a3-4d18-9977-a0e838b66066');
INSERT INTO elements (id, attributes, ref_photo, ref_photos_folder, description, fk_parent_element, fk_element_type, fk_room) VALUES ('9e9d99b2-3ad5-4eb4-bf41-5e7a506c44f7', '"Couleur"=>"Gris"', 'c87bbc3d-ac58-434c-90bd-3b8f1cba07b9', '6ad9122f-45ff-4fdd-9cb2-880798b031b7', 'Mur', NULL, '1af90b8d-a067-4459-be2d-437c574cd60c', '26b0ab41-dce4-4959-a26e-4c47e66c892c');
INSERT INTO elements (id, attributes, ref_photo, ref_photos_folder, description, fk_parent_element, fk_element_type, fk_room) VALUES ('31cd0ccc-71b5-4e9f-832e-443f6ee317ef', '"Couleur"=>"Gris"', '67aaad05-f5a8-4931-a527-1bac8701da00', '1e946b3d-00f3-442d-8145-8d768e6fea15', 'Mur', NULL, '1af90b8d-a067-4459-be2d-437c574cd60c', '26b0ab41-dce4-4959-a26e-4c47e66c892c');
INSERT INTO elements (id, attributes, ref_photo, ref_photos_folder, description, fk_parent_element, fk_element_type, fk_room) VALUES ('f604d625-0c0b-4ea7-bbe3-22754e9cc44e', '"Couleur"=>"Gris"', '55a6e77c-59f9-4e3a-a412-3eb8156ce15b', '1692075d-630e-4428-9472-9c5805bfa417', 'Mur', NULL, '1af90b8d-a067-4459-be2d-437c574cd60c', '26b0ab41-dce4-4959-a26e-4c47e66c892c');
INSERT INTO elements (id, attributes, ref_photo, ref_photos_folder, description, fk_parent_element, fk_element_type, fk_room) VALUES ('c030a703-d9b9-4db6-8b58-7274c25cffe0', '"Couleur"=>"Gris"', 'ce6f0b09-4ed5-47f1-afbc-b1559e41bee1', 'b9dabd06-b67f-4533-b2b7-04ed8d40f2e1', 'Mur', NULL, '1af90b8d-a067-4459-be2d-437c574cd60c', '26b0ab41-dce4-4959-a26e-4c47e66c892c');
INSERT INTO elements (id, attributes, ref_photo, ref_photos_folder, description, fk_parent_element, fk_element_type, fk_room) VALUES ('cd3a67e5-7ec7-4a4a-8926-a2f55b702eb8', '"Couleur"=>"Noir"', '850053d3-98b0-4001-a138-34ffaa1bed39', '9dd5f68f-27d0-4778-81eb-782d6e40de61', 'Sol', NULL, '3185d43c-df4e-4b31-b404-ba53ed42329a', '26b0ab41-dce4-4959-a26e-4c47e66c892c');
INSERT INTO elements (id, attributes, ref_photo, ref_photos_folder, description, fk_parent_element, fk_element_type, fk_room) VALUES ('6c701e54-808d-4e38-b7c5-6a282183db55', '"Couleur"=>"Blanc"', 'fad62a09-8c72-4a73-9ea8-79feca9f21f0', 'a6d6f6da-6373-4b8b-9e6d-3ae94ffbad67', 'Plafond', NULL, '3907aaf4-39d8-43e4-bfe2-aa507985f1ba', '26b0ab41-dce4-4959-a26e-4c47e66c892c');
INSERT INTO elements (id, attributes, ref_photo, ref_photos_folder, description, fk_parent_element, fk_element_type, fk_room) VALUES ('94dd1df0-fafb-4663-91ae-5fbe806f5872', '"Couleur"=>"Gris"', '5bd27573-8d23-4703-b6a5-1dbc922ca6ca', '815e1a3e-bd3d-4958-a26e-e5d619cedc87', 'Mur', NULL, '1af90b8d-a067-4459-be2d-437c574cd60c', 'bd76c268-361b-459d-9165-6921d52d0380');
INSERT INTO elements (id, attributes, ref_photo, ref_photos_folder, description, fk_parent_element, fk_element_type, fk_room) VALUES ('05f2d053-0e21-4214-b42d-1331d15c24e9', '"Couleur"=>"Gris"', '443f110e-9bc9-4940-995e-66a56fca0e93', '0d901e04-39e1-43ea-abfe-ff08254d8226', 'Mur', NULL, '1af90b8d-a067-4459-be2d-437c574cd60c', 'bd76c268-361b-459d-9165-6921d52d0380');
INSERT INTO elements (id, attributes, ref_photo, ref_photos_folder, description, fk_parent_element, fk_element_type, fk_room) VALUES ('85a003f5-c846-4728-b144-e0a7214c4e11', '"Couleur"=>"Gris"', '83152069-d25d-4525-aecc-8bd1f2a54cf9', 'b6c3a85e-a73f-449b-9bd1-be8e20e679bd', 'Mur', NULL, '1af90b8d-a067-4459-be2d-437c574cd60c', 'bd76c268-361b-459d-9165-6921d52d0380');
INSERT INTO elements (id, attributes, ref_photo, ref_photos_folder, description, fk_parent_element, fk_element_type, fk_room) VALUES ('936a798f-fb62-4fe7-960e-bd63c884c3c2', '"Couleur"=>"Gris"', '19f38610-e5db-4999-b1da-9ae656b1c168', '44aef9a7-34fd-4dcb-8335-0e24e270e864', 'Mur', NULL, '1af90b8d-a067-4459-be2d-437c574cd60c', 'bd76c268-361b-459d-9165-6921d52d0380');
INSERT INTO elements (id, attributes, ref_photo, ref_photos_folder, description, fk_parent_element, fk_element_type, fk_room) VALUES ('3a1e9aa1-9dc0-4604-8eeb-919a6f3453af', '"Couleur"=>"Noir"', '58d9f5ad-3e89-4c0d-9797-2c762c4a84eb', 'af7f10b4-fc2e-49f0-aca1-0844da7ab693', 'Sol', NULL, '3185d43c-df4e-4b31-b404-ba53ed42329a', 'bd76c268-361b-459d-9165-6921d52d0380');
INSERT INTO elements (id, attributes, ref_photo, ref_photos_folder, description, fk_parent_element, fk_element_type, fk_room) VALUES ('40b92fdf-0d06-4d7d-b446-74d8db10c6a5', '"Couleur"=>"Blanc"', '862debfc-88ce-4bb5-b739-c3a091524c20', '916e2212-05d1-4f77-a015-22f339ae19bd', 'Plafond', NULL, '3907aaf4-39d8-43e4-bfe2-aa507985f1ba', 'bd76c268-361b-459d-9165-6921d52d0380');
INSERT INTO elements (id, attributes, ref_photo, ref_photos_folder, description, fk_parent_element, fk_element_type, fk_room) VALUES ('a17101ab-ca50-46c7-b617-b96d6a13dc04', '"Couleur"=>"Gris"', '140ad2c2-11f8-4f94-b78d-4e50b817f98c', '4a0acd3d-37c9-4060-8314-77c26a4590ec', 'Mur', NULL, '1af90b8d-a067-4459-be2d-437c574cd60c', 'ba0fb309-b2fc-4d8d-8ef1-a2755750d4db');
INSERT INTO elements (id, attributes, ref_photo, ref_photos_folder, description, fk_parent_element, fk_element_type, fk_room) VALUES ('e24d01fe-1977-4aeb-b392-e12f5f475a1e', '"Couleur"=>"Gris"', '1fd15719-24bf-42b6-9345-b769abb96689', '7067d041-8677-42b0-ae2c-7bded9ba125f', 'Mur', NULL, '1af90b8d-a067-4459-be2d-437c574cd60c', 'ba0fb309-b2fc-4d8d-8ef1-a2755750d4db');
INSERT INTO elements (id, attributes, ref_photo, ref_photos_folder, description, fk_parent_element, fk_element_type, fk_room) VALUES ('724cd9b8-73be-4eb9-b980-3d7678acdef7', '"Couleur"=>"Gris"', 'c16626b4-d686-414f-9438-ed75615df511', '6b7dc295-adc0-4060-9f5f-05c3c3d03d18', 'Mur', NULL, '1af90b8d-a067-4459-be2d-437c574cd60c', 'ba0fb309-b2fc-4d8d-8ef1-a2755750d4db');
INSERT INTO elements (id, attributes, ref_photo, ref_photos_folder, description, fk_parent_element, fk_element_type, fk_room) VALUES ('e44462f7-2cc3-4c23-a783-c99ea330d0e5', '"Couleur"=>"Gris"', '8b8e44ec-af25-4152-926b-796252a54319', '17ceef19-07c5-4221-a276-0369564e8fc3', 'Mur', NULL, '1af90b8d-a067-4459-be2d-437c574cd60c', 'ba0fb309-b2fc-4d8d-8ef1-a2755750d4db');
INSERT INTO elements (id, attributes, ref_photo, ref_photos_folder, description, fk_parent_element, fk_element_type, fk_room) VALUES ('06a0e67a-200b-4b61-a645-35eec36c2ee5', '"Couleur"=>"Noir"', '1da3bdaa-0ba4-46fd-89e7-f68c865c50fe', 'c826531b-9d53-4288-a753-7234502cd43d', 'Sol', NULL, '3185d43c-df4e-4b31-b404-ba53ed42329a', 'ba0fb309-b2fc-4d8d-8ef1-a2755750d4db');
INSERT INTO elements (id, attributes, ref_photo, ref_photos_folder, description, fk_parent_element, fk_element_type, fk_room) VALUES ('0bccbd28-f0d8-485c-a7c0-71d46af20886', '"Couleur"=>"Blanc"', '23c8cc59-1911-4124-a594-9b5fb6d0e9b0', '4df4b887-596c-4942-88a5-f849aae54cb7', 'Plafond', NULL, '3907aaf4-39d8-43e4-bfe2-aa507985f1ba', 'ba0fb309-b2fc-4d8d-8ef1-a2755750d4db');
INSERT INTO elements (id, attributes, ref_photo, ref_photos_folder, description, fk_parent_element, fk_element_type, fk_room) VALUES ('bff888bc-55a4-4dba-9311-922dac9abf7b', '"Couleur"=>"Gris"', 'f54af459-6b6a-44f1-8ce0-a89fe7294f73', 'b77f8553-cfa5-4e31-a931-f6c98d7f5210', 'Mur', NULL, '1af90b8d-a067-4459-be2d-437c574cd60c', 'b78f6a54-9995-4dee-a2b3-cdceb896f743');
INSERT INTO elements (id, attributes, ref_photo, ref_photos_folder, description, fk_parent_element, fk_element_type, fk_room) VALUES ('63bb267e-7817-4c5e-9891-5c14503aa644', '"Couleur"=>"Gris"', 'c2bf1c86-1d5a-4297-8416-b0ccc047ee1d', '9a270594-80fe-497b-8303-4da400504905', 'Mur', NULL, '1af90b8d-a067-4459-be2d-437c574cd60c', 'b78f6a54-9995-4dee-a2b3-cdceb896f743');
INSERT INTO elements (id, attributes, ref_photo, ref_photos_folder, description, fk_parent_element, fk_element_type, fk_room) VALUES ('f92988f9-789e-4e5f-9e2d-ad16b1db696b', '"Couleur"=>"Gris"', 'b7f7fb15-fa81-43f8-a47a-43cacd7fb821', '920540f0-ef4f-408e-952f-0ec5c7b2ac1c', 'Mur', NULL, '1af90b8d-a067-4459-be2d-437c574cd60c', 'b78f6a54-9995-4dee-a2b3-cdceb896f743');
INSERT INTO elements (id, attributes, ref_photo, ref_photos_folder, description, fk_parent_element, fk_element_type, fk_room) VALUES ('3f38c947-7b0b-48dc-8c62-8b17f7c3f9e9', '"Couleur"=>"Gris"', '5d46eb88-796d-4846-b3fb-b44b12ccdab2', 'fd175244-d79c-4912-841b-b04021bb5e07', 'Mur', NULL, '1af90b8d-a067-4459-be2d-437c574cd60c', 'b78f6a54-9995-4dee-a2b3-cdceb896f743');
INSERT INTO elements (id, attributes, ref_photo, ref_photos_folder, description, fk_parent_element, fk_element_type, fk_room) VALUES ('706e8931-f2bb-46b7-a6d9-9df6ab9fbd92', '"Couleur"=>"Noir"', 'e219f209-2e12-44fa-94e9-8498ef06d487', '11d53c0f-f40c-4aa6-8dbf-ce9e0df66312', 'Sol', NULL, '3185d43c-df4e-4b31-b404-ba53ed42329a', 'b78f6a54-9995-4dee-a2b3-cdceb896f743');
INSERT INTO elements (id, attributes, ref_photo, ref_photos_folder, description, fk_parent_element, fk_element_type, fk_room) VALUES ('4c67f705-3af0-4a13-93da-f506879dcc8e', '"Couleur"=>"Blanc"', 'eedc31f6-8089-455b-b2c2-bd01403c6c86', '8006c40c-3437-47c2-ab70-a1b91e9ee42e', 'Plafond', NULL, '3907aaf4-39d8-43e4-bfe2-aa507985f1ba', 'b78f6a54-9995-4dee-a2b3-cdceb896f743');
INSERT INTO elements (id, attributes, ref_photo, ref_photos_folder, description, fk_parent_element, fk_element_type, fk_room) VALUES ('78c7b506-d4a4-4543-9373-b8d7092f10a6', '"Couleur"=>"Gris"', '57ca9063-f4e1-4055-9bbf-bba4787d6156', '584ec473-7e16-4071-8f75-745a0d77b4ef', 'Mur', NULL, '1af90b8d-a067-4459-be2d-437c574cd60c', '799c5b87-7ae1-4f2c-9c6c-ce69c45cc5ff');
INSERT INTO elements (id, attributes, ref_photo, ref_photos_folder, description, fk_parent_element, fk_element_type, fk_room) VALUES ('a6517caf-4c7b-4f1e-956c-db33b931fd22', '"Couleur"=>"Gris"', '0b44b246-13b7-4b04-bb9f-17936c807a4e', 'bafe1447-e1f5-4747-a2b3-37b3e0322e48', 'Mur', NULL, '1af90b8d-a067-4459-be2d-437c574cd60c', '799c5b87-7ae1-4f2c-9c6c-ce69c45cc5ff');
INSERT INTO elements (id, attributes, ref_photo, ref_photos_folder, description, fk_parent_element, fk_element_type, fk_room) VALUES ('507787b9-a7a5-4879-bdff-8591a2256ce7', '"Couleur"=>"Gris"', '453e0a06-e948-4da5-ba2a-61fe5370c5f6', '88e6827c-2a24-441c-88aa-eadb84cf46df', 'Mur', NULL, '1af90b8d-a067-4459-be2d-437c574cd60c', '799c5b87-7ae1-4f2c-9c6c-ce69c45cc5ff');
INSERT INTO elements (id, attributes, ref_photo, ref_photos_folder, description, fk_parent_element, fk_element_type, fk_room) VALUES ('2e9889eb-f184-4f50-9a32-29637e061d9c', '"Couleur"=>"Gris"', '68a427f6-a0d4-4dcd-bfdc-6ddd89f291b7', '94ddf2c2-3c61-4257-81c1-a3489c8e4c28', 'Mur', NULL, '1af90b8d-a067-4459-be2d-437c574cd60c', '799c5b87-7ae1-4f2c-9c6c-ce69c45cc5ff');
INSERT INTO elements (id, attributes, ref_photo, ref_photos_folder, description, fk_parent_element, fk_element_type, fk_room) VALUES ('ad818c4b-6d52-4978-b039-4960bbc7a824', '"Couleur"=>"Noir"', '96d61919-1cc9-41b0-bd3c-0184f343fe74', 'a5413442-442e-4217-ba3e-0d789999175d', 'Sol', NULL, '3185d43c-df4e-4b31-b404-ba53ed42329a', '799c5b87-7ae1-4f2c-9c6c-ce69c45cc5ff');
INSERT INTO elements (id, attributes, ref_photo, ref_photos_folder, description, fk_parent_element, fk_element_type, fk_room) VALUES ('bf0266cd-5b48-4bfd-aaea-8a9189a73a4a', '"Couleur"=>"Blanc"', 'be1c12d5-7309-42a9-8ea7-dd0578cbfb55', 'd298264b-5272-4be4-ab4b-5921a8b4cf07', 'Plafond', NULL, '3907aaf4-39d8-43e4-bfe2-aa507985f1ba', '799c5b87-7ae1-4f2c-9c6c-ce69c45cc5ff');
INSERT INTO elements (id, attributes, ref_photo, ref_photos_folder, description, fk_parent_element, fk_element_type, fk_room) VALUES ('b040e815-171f-47d9-811c-f0f731eac90f', '"Couleur"=>"Gris"', '72064cd3-ef5c-4a3e-a865-98d6f9ba6a16', '55a0bef1-e6e7-4395-ace7-187b37bc164c', 'Mur', NULL, '1af90b8d-a067-4459-be2d-437c574cd60c', 'daa44156-eaf7-42f1-9987-00d62c404d6a');
INSERT INTO elements (id, attributes, ref_photo, ref_photos_folder, description, fk_parent_element, fk_element_type, fk_room) VALUES ('b7a602b0-ddf4-47bc-b5b4-aa34c68b2634', '"Couleur"=>"Gris"', 'e081afcf-dd9f-4d92-995a-30e30ad5d541', '00fe37ad-58b5-4e71-90f1-85255e1bff52', 'Mur', NULL, '1af90b8d-a067-4459-be2d-437c574cd60c', 'daa44156-eaf7-42f1-9987-00d62c404d6a');
INSERT INTO elements (id, attributes, ref_photo, ref_photos_folder, description, fk_parent_element, fk_element_type, fk_room) VALUES ('4b69c538-045c-4bc6-89b5-ebca8842c21b', '"Couleur"=>"Gris"', '891b4222-2123-4ee6-b8c3-7c1776d22521', '2cefa72c-5b34-4fdf-bc5a-3bf733a0b5d2', 'Mur', NULL, '1af90b8d-a067-4459-be2d-437c574cd60c', 'daa44156-eaf7-42f1-9987-00d62c404d6a');
INSERT INTO elements (id, attributes, ref_photo, ref_photos_folder, description, fk_parent_element, fk_element_type, fk_room) VALUES ('a1f01696-f358-4b2f-9e59-1b2a1394df4a', '"Couleur"=>"Gris"', '36695e8b-207d-43cb-b6e0-baa18825382d', '0cf966b5-dab2-49b7-9f1c-6c74860150d5', 'Mur', NULL, '1af90b8d-a067-4459-be2d-437c574cd60c', 'daa44156-eaf7-42f1-9987-00d62c404d6a');
INSERT INTO elements (id, attributes, ref_photo, ref_photos_folder, description, fk_parent_element, fk_element_type, fk_room) VALUES ('d10ffb88-48f2-4777-b540-4716dc2fb652', '"Couleur"=>"Noir"', '281fd9ca-988c-4649-8b97-973e37c17406', '82215b00-71c4-435d-8e4d-8f90210a04c3', 'Sol', NULL, '3185d43c-df4e-4b31-b404-ba53ed42329a', 'daa44156-eaf7-42f1-9987-00d62c404d6a');
INSERT INTO elements (id, attributes, ref_photo, ref_photos_folder, description, fk_parent_element, fk_element_type, fk_room) VALUES ('97bcf7a7-82bc-4d91-a879-4320671e7bb4', '"Couleur"=>"Blanc"', 'b667c426-a399-491b-b480-db97f6e86d2a', '05592ddf-f02e-4073-9a8e-9f4ab19e84b8', 'Plafond', NULL, '3907aaf4-39d8-43e4-bfe2-aa507985f1ba', 'daa44156-eaf7-42f1-9987-00d62c404d6a');
INSERT INTO elements (id, attributes, ref_photo, ref_photos_folder, description, fk_parent_element, fk_element_type, fk_room) VALUES ('c50b6463-50ea-481c-861b-eafecc06a9be', '"Couleur"=>"Gris"', '06a6b330-fbf8-49d3-85b1-d76e545b398f', 'f4d2b713-5a4f-4390-98e7-730c33bd182e', 'Mur', NULL, '1af90b8d-a067-4459-be2d-437c574cd60c', '3546a42a-8598-41ea-9690-a14a79d81a65');
INSERT INTO elements (id, attributes, ref_photo, ref_photos_folder, description, fk_parent_element, fk_element_type, fk_room) VALUES ('c8ab8ba3-ace7-4d9c-8940-2dad241a05f9', '"Couleur"=>"Gris"', '6ba8ea80-52c5-4319-9e78-1d390bc3e55b', '92a8df61-ee93-4645-b309-907920f55106', 'Mur', NULL, '1af90b8d-a067-4459-be2d-437c574cd60c', '3546a42a-8598-41ea-9690-a14a79d81a65');
INSERT INTO elements (id, attributes, ref_photo, ref_photos_folder, description, fk_parent_element, fk_element_type, fk_room) VALUES ('30067231-d686-490b-aea3-9f266d76dcf7', '"Couleur"=>"Gris"', '05e9b683-f2c5-442b-89de-029be828c23d', '08eeef4e-ac9a-4edc-81b5-ee1a54128374', 'Mur', NULL, '1af90b8d-a067-4459-be2d-437c574cd60c', '3546a42a-8598-41ea-9690-a14a79d81a65');
INSERT INTO elements (id, attributes, ref_photo, ref_photos_folder, description, fk_parent_element, fk_element_type, fk_room) VALUES ('88b8ac24-6e41-452d-8dc2-babc283fa7b4', '"Couleur"=>"Gris"', 'a0054f45-a543-478e-b7fc-a5c7df01715d', 'a8d98b47-aaf1-4999-a8cb-3deee4cddf6f', 'Mur', NULL, '1af90b8d-a067-4459-be2d-437c574cd60c', '3546a42a-8598-41ea-9690-a14a79d81a65');
INSERT INTO elements (id, attributes, ref_photo, ref_photos_folder, description, fk_parent_element, fk_element_type, fk_room) VALUES ('685ecc04-9714-4b1a-8934-7bf6420bd79d', '"Couleur"=>"Noir"', '6f207266-0fae-439c-b004-d2bfe2ad9078', '9593febf-b812-42d1-8116-dd29781ded94', 'Sol', NULL, '3185d43c-df4e-4b31-b404-ba53ed42329a', '3546a42a-8598-41ea-9690-a14a79d81a65');
INSERT INTO elements (id, attributes, ref_photo, ref_photos_folder, description, fk_parent_element, fk_element_type, fk_room) VALUES ('84f41ba6-6e8a-4ceb-bcee-133decd8ac80', '"Couleur"=>"Blanc"', '7a0fe006-e385-459d-9c3f-b8fb14802476', 'c12ebc2d-5383-49fe-8e4f-1f915c59fc48', 'Plafond', NULL, '3907aaf4-39d8-43e4-bfe2-aa507985f1ba', '3546a42a-8598-41ea-9690-a14a79d81a65');
INSERT INTO elements (id, attributes, ref_photo, ref_photos_folder, description, fk_parent_element, fk_element_type, fk_room) VALUES ('2d74f22a-1107-4c49-9994-e4e4b554a310', '"Couleur"=>"Gris"', 'e0792ef7-b7a8-4fb5-815b-7a707a7e13e9', 'e1c47395-64db-46a0-8665-fe5835ad57b3', 'Mur', NULL, '1af90b8d-a067-4459-be2d-437c574cd60c', '412a29a0-ab0f-4043-92bc-5cdacf911e76');
INSERT INTO elements (id, attributes, ref_photo, ref_photos_folder, description, fk_parent_element, fk_element_type, fk_room) VALUES ('75c33e77-8aea-4a71-89ae-5d957dce2f99', '"Couleur"=>"Gris"', '550937a8-0ed7-429f-85f4-2fe69ae947f9', 'c2dd20c5-d656-4810-a780-b54081162551', 'Mur', NULL, '1af90b8d-a067-4459-be2d-437c574cd60c', '412a29a0-ab0f-4043-92bc-5cdacf911e76');
INSERT INTO elements (id, attributes, ref_photo, ref_photos_folder, description, fk_parent_element, fk_element_type, fk_room) VALUES ('5d03afff-1e54-4a06-a010-f0a55847ca11', '"Couleur"=>"Gris"', '8a44bdef-9337-45f2-bacf-9a87d63a1b94', '691b12e9-726a-42ee-bd32-156a2be7a894', 'Mur', NULL, '1af90b8d-a067-4459-be2d-437c574cd60c', '412a29a0-ab0f-4043-92bc-5cdacf911e76');
INSERT INTO elements (id, attributes, ref_photo, ref_photos_folder, description, fk_parent_element, fk_element_type, fk_room) VALUES ('7621e400-bea3-495f-842d-7359ddadc050', '"Couleur"=>"Gris"', '89dfd677-8725-45fd-9c85-bb850a902d5f', 'f4ebca85-b8a8-498e-a215-24b163619f5a', 'Mur', NULL, '1af90b8d-a067-4459-be2d-437c574cd60c', '412a29a0-ab0f-4043-92bc-5cdacf911e76');
INSERT INTO elements (id, attributes, ref_photo, ref_photos_folder, description, fk_parent_element, fk_element_type, fk_room) VALUES ('6057eeba-d4eb-45ac-97b0-e4d85697b795', '"Couleur"=>"Noir"', 'c1cebaf1-1447-46c3-bf4e-78e11243b9b9', 'a5b9c27e-7ec5-47a7-97f7-dda3bdbbe29e', 'Sol', NULL, '3185d43c-df4e-4b31-b404-ba53ed42329a', '412a29a0-ab0f-4043-92bc-5cdacf911e76');
INSERT INTO elements (id, attributes, ref_photo, ref_photos_folder, description, fk_parent_element, fk_element_type, fk_room) VALUES ('43c3e4e0-fcc9-4cde-bc58-2d4315bfc414', '"Couleur"=>"Blanc"', 'd1035baa-dde3-41d1-a446-cdd302f44a0f', '66a4472c-dfe0-483e-90a8-14fc9af7d207', 'Plafond', NULL, '3907aaf4-39d8-43e4-bfe2-aa507985f1ba', '412a29a0-ab0f-4043-92bc-5cdacf911e76');
INSERT INTO elements (id, attributes, ref_photo, ref_photos_folder, description, fk_parent_element, fk_element_type, fk_room) VALUES ('eb387b9a-89bd-412f-b964-c919d41565b3', '"Couleur"=>"Gris"', '2a822d27-6f62-4544-ab68-88e6b0c92b21', '4b88b67c-6a08-493b-856a-c531cae9b9c8', 'Mur', NULL, '1af90b8d-a067-4459-be2d-437c574cd60c', '5e064c36-a329-47e5-a823-e5594371c470');
INSERT INTO elements (id, attributes, ref_photo, ref_photos_folder, description, fk_parent_element, fk_element_type, fk_room) VALUES ('5ddf484b-d620-4d4a-a3fa-ae7e54924452', '"Couleur"=>"Gris"', '192d2837-b2a2-49de-926c-33ec48b0c6aa', 'e25e6285-aabf-4d4b-aee2-431a12d53e96', 'Mur', NULL, '1af90b8d-a067-4459-be2d-437c574cd60c', '5e064c36-a329-47e5-a823-e5594371c470');
INSERT INTO elements (id, attributes, ref_photo, ref_photos_folder, description, fk_parent_element, fk_element_type, fk_room) VALUES ('7316fe71-9483-4e13-b0ad-4f57b652daa4', '"Couleur"=>"Gris"', 'd790eb2f-9217-4e60-bcd2-acb674b604c0', '0af32cdc-4178-4ccd-9f5c-cae8dfaa28e1', 'Mur', NULL, '1af90b8d-a067-4459-be2d-437c574cd60c', '5e064c36-a329-47e5-a823-e5594371c470');
INSERT INTO elements (id, attributes, ref_photo, ref_photos_folder, description, fk_parent_element, fk_element_type, fk_room) VALUES ('36ceeca1-199c-41e4-9d79-ea52d52a4a8b', '"Couleur"=>"Gris"', '60bb7805-fa9a-4e9f-a367-06f10dc07af8', '7696d30b-6cb0-40d5-b878-f26ec73f778d', 'Mur', NULL, '1af90b8d-a067-4459-be2d-437c574cd60c', '5e064c36-a329-47e5-a823-e5594371c470');
INSERT INTO elements (id, attributes, ref_photo, ref_photos_folder, description, fk_parent_element, fk_element_type, fk_room) VALUES ('e3bc63f3-9b29-4022-9787-8ee9a2ee5faa', '"Couleur"=>"Noir"', 'bac7497b-3b7e-4b3a-bf5b-505eba8027c4', '64bd6a94-29f0-4dfb-83a7-5d6840820e4e', 'Sol', NULL, '3185d43c-df4e-4b31-b404-ba53ed42329a', '5e064c36-a329-47e5-a823-e5594371c470');
INSERT INTO elements (id, attributes, ref_photo, ref_photos_folder, description, fk_parent_element, fk_element_type, fk_room) VALUES ('b7561d65-809b-4166-9ed8-0b773fbf65a3', '"Couleur"=>"Blanc"', '671f76f7-a638-43ba-83b4-869d178bb545', 'c92bb043-8b6e-4cea-b144-9035c1b7a394', 'Plafond', NULL, '3907aaf4-39d8-43e4-bfe2-aa507985f1ba', '5e064c36-a329-47e5-a823-e5594371c470');
INSERT INTO elements (id, attributes, ref_photo, ref_photos_folder, description, fk_parent_element, fk_element_type, fk_room) VALUES ('17436922-4346-4ab7-ab7e-73af0f86a8ce', '"Couleur"=>"Gris"', 'f625e4af-c5ca-40e5-8806-139daba1cbf2', 'b64c3ced-87ae-4422-aa0b-5f8ac6824f58', 'Mur', NULL, '1af90b8d-a067-4459-be2d-437c574cd60c', '692a2cf0-1129-43af-a738-441b5229f73f');
INSERT INTO elements (id, attributes, ref_photo, ref_photos_folder, description, fk_parent_element, fk_element_type, fk_room) VALUES ('e60f2a51-fb5f-4734-b35c-bc9a1f30cf19', '"Couleur"=>"Gris"', 'ebbaf247-457f-4334-a1e7-c0227931570e', '473e0e32-a8a3-4892-b7cc-dda89c114202', 'Mur', NULL, '1af90b8d-a067-4459-be2d-437c574cd60c', '692a2cf0-1129-43af-a738-441b5229f73f');
INSERT INTO elements (id, attributes, ref_photo, ref_photos_folder, description, fk_parent_element, fk_element_type, fk_room) VALUES ('99f00712-c382-4eec-a2c0-4423f951bbd1', '"Couleur"=>"Gris"', '83fcb42e-075e-4fb2-8b4f-2252df6882e2', 'e6d78780-d7ae-4736-94aa-4f67a86761d6', 'Mur', NULL, '1af90b8d-a067-4459-be2d-437c574cd60c', '692a2cf0-1129-43af-a738-441b5229f73f');
INSERT INTO elements (id, attributes, ref_photo, ref_photos_folder, description, fk_parent_element, fk_element_type, fk_room) VALUES ('78e1ccd4-eca9-4007-b5f0-56af94394408', '"Couleur"=>"Gris"', 'e3611d2e-080f-4cc9-aa2e-caaca4f353f2', '665b2282-b3f6-4d03-8106-89e62f857719', 'Mur', NULL, '1af90b8d-a067-4459-be2d-437c574cd60c', '692a2cf0-1129-43af-a738-441b5229f73f');
INSERT INTO elements (id, attributes, ref_photo, ref_photos_folder, description, fk_parent_element, fk_element_type, fk_room) VALUES ('87e6e5b6-ff81-4719-a6e0-6299d58e1615', '"Couleur"=>"Noir"', 'f4a277b9-2da0-4aea-a597-0e0d66ef8e2e', '34b9be4f-e513-44b8-9354-2e6b9ea086c3', 'Sol', NULL, '3185d43c-df4e-4b31-b404-ba53ed42329a', '692a2cf0-1129-43af-a738-441b5229f73f');
INSERT INTO elements (id, attributes, ref_photo, ref_photos_folder, description, fk_parent_element, fk_element_type, fk_room) VALUES ('1b24675b-fecc-47cb-a5bb-f38a19202634', '"Couleur"=>"Blanc"', '4a57ec2d-6162-4192-ba44-f49a0ce7173a', '8703afa6-f60d-4f54-8e15-113fe95d4a6f', 'Plafond', NULL, '3907aaf4-39d8-43e4-bfe2-aa507985f1ba', '692a2cf0-1129-43af-a738-441b5229f73f');
INSERT INTO elements (id, attributes, ref_photo, ref_photos_folder, description, fk_parent_element, fk_element_type, fk_room) VALUES ('29b0ea66-9d90-4417-be78-ff63a4991882', '"Couleur"=>"Gris"', 'e4fb5322-8f19-4524-8ca6-a499018a2358', 'ed558656-47d6-4b09-80eb-b30912ab560f', 'Mur', NULL, '1af90b8d-a067-4459-be2d-437c574cd60c', '6f53edc6-65f0-4dfa-985f-767a98ee2c23');
INSERT INTO elements (id, attributes, ref_photo, ref_photos_folder, description, fk_parent_element, fk_element_type, fk_room) VALUES ('5b76492b-5c72-4515-b6f9-4eebd5c494fb', '"Couleur"=>"Gris"', 'd73ceecb-d435-450b-946b-734c16ce440c', 'f4a6612b-29a8-4c26-be54-9f32282769e5', 'Mur', NULL, '1af90b8d-a067-4459-be2d-437c574cd60c', '6f53edc6-65f0-4dfa-985f-767a98ee2c23');
INSERT INTO elements (id, attributes, ref_photo, ref_photos_folder, description, fk_parent_element, fk_element_type, fk_room) VALUES ('5966fcc0-0ea4-478a-ab2a-b6f628c1b127', '"Couleur"=>"Gris"', 'e7ec348f-4e48-4b6a-ad1f-c6a9f53282ac', '926c31b6-3116-427a-b47a-813e88afe0bf', 'Mur', NULL, '1af90b8d-a067-4459-be2d-437c574cd60c', '6f53edc6-65f0-4dfa-985f-767a98ee2c23');
INSERT INTO elements (id, attributes, ref_photo, ref_photos_folder, description, fk_parent_element, fk_element_type, fk_room) VALUES ('faa9b2c7-3b24-41fa-8206-c9afaba1206f', '"Couleur"=>"Gris"', '03e12880-c62f-4ac8-b893-0401fbeebaf2', 'b2134d6c-88fd-4297-88f8-f3a10234f6a1', 'Mur', NULL, '1af90b8d-a067-4459-be2d-437c574cd60c', '6f53edc6-65f0-4dfa-985f-767a98ee2c23');
INSERT INTO elements (id, attributes, ref_photo, ref_photos_folder, description, fk_parent_element, fk_element_type, fk_room) VALUES ('b0a9abd2-ef52-4394-9223-7511685244d0', '"Couleur"=>"Noir"', '7077c97c-e0d0-4528-9f23-39b758e447cd', 'c61db7d1-0cbb-415b-b5ee-46b7f973c40f', 'Sol', NULL, '3185d43c-df4e-4b31-b404-ba53ed42329a', '6f53edc6-65f0-4dfa-985f-767a98ee2c23');
INSERT INTO elements (id, attributes, ref_photo, ref_photos_folder, description, fk_parent_element, fk_element_type, fk_room) VALUES ('e479ef8a-5e2f-4c99-98a8-177fd44468bb', '"Couleur"=>"Blanc"', 'e82c2770-f310-4f68-af6a-b1d2ae1441c6', '001d9ca6-4e9f-4697-a8c1-e3a3052727ca', 'Plafond', NULL, '3907aaf4-39d8-43e4-bfe2-aa507985f1ba', '6f53edc6-65f0-4dfa-985f-767a98ee2c23');
INSERT INTO elements (id, attributes, ref_photo, ref_photos_folder, description, fk_parent_element, fk_element_type, fk_room) VALUES ('7ff5f671-1f76-41bb-b2bf-46cb64d4d9a7', '"Couleur"=>"Gris"', '4c259851-0eb3-4147-b3bf-9461719dd815', 'ecd54b35-9e6d-4cc2-b9df-38adb58d6fa2', 'Mur', NULL, '1af90b8d-a067-4459-be2d-437c574cd60c', '2bfd91f1-3da5-46d3-8e3a-b552513f0479');
INSERT INTO elements (id, attributes, ref_photo, ref_photos_folder, description, fk_parent_element, fk_element_type, fk_room) VALUES ('61bcfd9c-1db5-45ab-8ad9-42c9403ad27b', '"Couleur"=>"Gris"', '6c1e3262-01b0-4cf0-ae19-215c02479e3b', '10850ed5-7d75-4945-ac40-b72693f06e05', 'Mur', NULL, '1af90b8d-a067-4459-be2d-437c574cd60c', '2bfd91f1-3da5-46d3-8e3a-b552513f0479');
INSERT INTO elements (id, attributes, ref_photo, ref_photos_folder, description, fk_parent_element, fk_element_type, fk_room) VALUES ('5724b623-e5ea-4ccc-91bf-39157eb96cde', '"Couleur"=>"Gris"', '0f6b7a20-50e1-404b-9b60-0a54025bc221', 'c280c938-d753-48bc-86c2-962cd3e733de', 'Mur', NULL, '1af90b8d-a067-4459-be2d-437c574cd60c', '2bfd91f1-3da5-46d3-8e3a-b552513f0479');
INSERT INTO elements (id, attributes, ref_photo, ref_photos_folder, description, fk_parent_element, fk_element_type, fk_room) VALUES ('638c4c00-6280-4fd0-84cf-0d1de2ef2aed', '"Couleur"=>"Gris"', '527fed90-1fc6-47e2-8bf1-c85797c630c9', '346e0ed8-848a-4d1e-ac27-aa9547240573', 'Mur', NULL, '1af90b8d-a067-4459-be2d-437c574cd60c', '2bfd91f1-3da5-46d3-8e3a-b552513f0479');
INSERT INTO elements (id, attributes, ref_photo, ref_photos_folder, description, fk_parent_element, fk_element_type, fk_room) VALUES ('7e32dc09-75a2-44bc-a9f6-50426761dda4', '"Couleur"=>"Noir"', '48eb1fcf-c007-4010-ae5e-cd40c15211c2', '2a0418a4-b66e-4e1d-8df0-dc7be4ca211c', 'Sol', NULL, '3185d43c-df4e-4b31-b404-ba53ed42329a', '2bfd91f1-3da5-46d3-8e3a-b552513f0479');
INSERT INTO elements (id, attributes, ref_photo, ref_photos_folder, description, fk_parent_element, fk_element_type, fk_room) VALUES ('6bfc2df3-a7b4-48e0-a351-4decc5c1715c', '"Couleur"=>"Blanc"', 'b79bfd4f-8aa5-42c4-8d06-2da2ac4bace5', '30f368fc-71b9-4b77-8700-aeae9f94ed5d', 'Plafond', NULL, '3907aaf4-39d8-43e4-bfe2-aa507985f1ba', '2bfd91f1-3da5-46d3-8e3a-b552513f0479');
INSERT INTO elements (id, attributes, ref_photo, ref_photos_folder, description, fk_parent_element, fk_element_type, fk_room) VALUES ('2df1ec42-88b1-40af-af2b-d69e9701d566', '"Couleur"=>"Gris"', 'f64c33d3-bb24-4c45-b520-6602311ef5db', '88a1bcdf-3660-4867-8204-7821ef9278d2', 'Mur', NULL, '1af90b8d-a067-4459-be2d-437c574cd60c', '1fa8b23e-aa7f-4e42-990b-5487186b7d5d');
INSERT INTO elements (id, attributes, ref_photo, ref_photos_folder, description, fk_parent_element, fk_element_type, fk_room) VALUES ('93923eab-473a-4f10-a87d-a3ef614b94c4', '"Couleur"=>"Gris"', '7fe79647-adff-4577-9a46-d44ed0ef5bf6', '5fd1a9db-510b-467f-8879-1a575a214ffe', 'Mur', NULL, '1af90b8d-a067-4459-be2d-437c574cd60c', '1fa8b23e-aa7f-4e42-990b-5487186b7d5d');
INSERT INTO elements (id, attributes, ref_photo, ref_photos_folder, description, fk_parent_element, fk_element_type, fk_room) VALUES ('fe75a971-fe08-441f-9a22-0d6d4bd3c146', '"Couleur"=>"Gris"', '9e6a55dd-4bd6-47d4-928f-4b31cd009070', '47780a38-746e-442d-bad1-08e921a3e03b', 'Mur', NULL, '1af90b8d-a067-4459-be2d-437c574cd60c', '1fa8b23e-aa7f-4e42-990b-5487186b7d5d');
INSERT INTO elements (id, attributes, ref_photo, ref_photos_folder, description, fk_parent_element, fk_element_type, fk_room) VALUES ('f53db857-7c84-4205-952d-4a4b3ad297b0', '"Couleur"=>"Gris"', '39fd3c90-9ceb-4e78-8364-14f151d98b7d', '61c6049c-c43b-476f-b830-1b37f12b5048', 'Mur', NULL, '1af90b8d-a067-4459-be2d-437c574cd60c', '1fa8b23e-aa7f-4e42-990b-5487186b7d5d');
INSERT INTO elements (id, attributes, ref_photo, ref_photos_folder, description, fk_parent_element, fk_element_type, fk_room) VALUES ('eeaac6c6-07c4-4fc6-8e0b-5fb365edecfa', '"Couleur"=>"Noir"', '2d93203c-09f4-4f28-b4c0-938b2a2f1224', '8daa0e30-2d96-4861-82bc-8b147ad2e3d6', 'Sol', NULL, '3185d43c-df4e-4b31-b404-ba53ed42329a', '1fa8b23e-aa7f-4e42-990b-5487186b7d5d');
INSERT INTO elements (id, attributes, ref_photo, ref_photos_folder, description, fk_parent_element, fk_element_type, fk_room) VALUES ('bcbee402-065b-4c79-8c3d-940d8d0f4788', '"Couleur"=>"Blanc"', 'bdb3ac0d-ba09-476c-98df-5f1161638507', 'ecf74030-a22b-41d6-bdae-809f5f11ab52', 'Plafond', NULL, '3907aaf4-39d8-43e4-bfe2-aa507985f1ba', '1fa8b23e-aa7f-4e42-990b-5487186b7d5d');
INSERT INTO elements (id, attributes, ref_photo, ref_photos_folder, description, fk_parent_element, fk_element_type, fk_room) VALUES ('0d4db4ae-0206-428b-821c-96bfac4e0f8d', '"Couleur"=>"Gris"', '701e961e-af29-47d2-885f-bb3bd8a5c93b', '82017b73-d0e8-4208-bedb-a36f2e239c61', 'Mur', NULL, '1af90b8d-a067-4459-be2d-437c574cd60c', 'f23ff1a1-bc24-484d-b425-43943ca05fd6');
INSERT INTO elements (id, attributes, ref_photo, ref_photos_folder, description, fk_parent_element, fk_element_type, fk_room) VALUES ('c461b4b7-652d-486a-9b9e-21541c87d046', '"Couleur"=>"Gris"', 'e282cce1-f728-42fd-9706-113b853ecb78', '64c582e2-dfeb-4896-a56c-dd009421d47a', 'Mur', NULL, '1af90b8d-a067-4459-be2d-437c574cd60c', 'f23ff1a1-bc24-484d-b425-43943ca05fd6');
INSERT INTO elements (id, attributes, ref_photo, ref_photos_folder, description, fk_parent_element, fk_element_type, fk_room) VALUES ('8f295178-5ec7-48fd-8990-0aed532d310a', '"Couleur"=>"Gris"', 'c00dcf9f-83a0-4b3c-8da4-3c8ea4a93194', '1e4c1393-9f9f-45f9-a206-caeec6679af9', 'Mur', NULL, '1af90b8d-a067-4459-be2d-437c574cd60c', 'f23ff1a1-bc24-484d-b425-43943ca05fd6');
INSERT INTO elements (id, attributes, ref_photo, ref_photos_folder, description, fk_parent_element, fk_element_type, fk_room) VALUES ('4027e4e0-a09c-4b90-9f61-f323ce9d1704', '"Couleur"=>"Gris"', '508a09be-b04e-456a-a5a5-1f4fb8a2f7a9', 'fbfee3da-a592-4482-b28c-e2f817f72272', 'Mur', NULL, '1af90b8d-a067-4459-be2d-437c574cd60c', 'f23ff1a1-bc24-484d-b425-43943ca05fd6');
INSERT INTO elements (id, attributes, ref_photo, ref_photos_folder, description, fk_parent_element, fk_element_type, fk_room) VALUES ('3574c262-3bc0-400b-af5c-1047697761b5', '"Couleur"=>"Noir"', '60cb9e6b-cc52-4144-ae02-00d58c5a8fbf', 'a4527581-2577-458c-9e5f-985f8f9e1982', 'Sol', NULL, '3185d43c-df4e-4b31-b404-ba53ed42329a', 'f23ff1a1-bc24-484d-b425-43943ca05fd6');
INSERT INTO elements (id, attributes, ref_photo, ref_photos_folder, description, fk_parent_element, fk_element_type, fk_room) VALUES ('f677b1cc-6210-460f-ae54-fe20c2d4080c', '"Couleur"=>"Blanc"', '4b40405e-cf8c-4a94-bd51-43958797e0f9', 'cfa320e2-3ddd-48f5-96e3-1b2e218cc7d9', 'Plafond', NULL, '3907aaf4-39d8-43e4-bfe2-aa507985f1ba', 'f23ff1a1-bc24-484d-b425-43943ca05fd6');
INSERT INTO elements (id, attributes, ref_photo, ref_photos_folder, description, fk_parent_element, fk_element_type, fk_room) VALUES ('51f7cbda-0df1-43d9-ba8e-400a28d3a6ac', '"Couleur"=>"Gris"', '8764098d-adcc-495d-a544-6009720a0502', '1744d8d3-e573-42a3-b364-59a2ed3ccf03', 'Mur', NULL, '1af90b8d-a067-4459-be2d-437c574cd60c', 'fc1f925f-4533-4162-953c-c2663bb4cc34');
INSERT INTO elements (id, attributes, ref_photo, ref_photos_folder, description, fk_parent_element, fk_element_type, fk_room) VALUES ('bd687a6a-73cf-4318-aac2-9b3dcee23f87', '"Couleur"=>"Gris"', '9fc71545-7320-4609-a1dd-1346573e9ac9', 'a91d8c94-65bd-4a4d-9be6-9cb571e6ce6a', 'Mur', NULL, '1af90b8d-a067-4459-be2d-437c574cd60c', 'fc1f925f-4533-4162-953c-c2663bb4cc34');
INSERT INTO elements (id, attributes, ref_photo, ref_photos_folder, description, fk_parent_element, fk_element_type, fk_room) VALUES ('f05dfc66-5292-41a3-b640-680f3730d639', '"Couleur"=>"Gris"', '4a4887b3-7a00-4f29-96c4-76991dbdb605', '0d57b8ad-874e-4dc2-a46a-c9dd5cea4210', 'Mur', NULL, '1af90b8d-a067-4459-be2d-437c574cd60c', 'fc1f925f-4533-4162-953c-c2663bb4cc34');
INSERT INTO elements (id, attributes, ref_photo, ref_photos_folder, description, fk_parent_element, fk_element_type, fk_room) VALUES ('95421a0d-51c3-4809-b422-48e5298a86a5', '"Couleur"=>"Gris"', '6c274228-4656-42c6-bc3b-478f69b827c6', '1076797c-9c35-4243-b768-4d08da43bbd3', 'Mur', NULL, '1af90b8d-a067-4459-be2d-437c574cd60c', 'fc1f925f-4533-4162-953c-c2663bb4cc34');
INSERT INTO elements (id, attributes, ref_photo, ref_photos_folder, description, fk_parent_element, fk_element_type, fk_room) VALUES ('cf8e0043-3f95-4f1a-854f-bdae2363ff8a', '"Couleur"=>"Noir"', '76d38ca7-f7ff-4ce0-8697-ed9264c5c582', '294c4e13-aa8e-4d63-b994-d08ddf686726', 'Sol', NULL, '3185d43c-df4e-4b31-b404-ba53ed42329a', 'fc1f925f-4533-4162-953c-c2663bb4cc34');
INSERT INTO elements (id, attributes, ref_photo, ref_photos_folder, description, fk_parent_element, fk_element_type, fk_room) VALUES ('ef39804a-7e65-4ae1-8342-08db93297615', '"Couleur"=>"Blanc"', '0608b1ee-881f-482b-8799-c17a5a33f96b', '086d494e-1a81-4d08-9989-fe5ad9c97b42', 'Plafond', NULL, '3907aaf4-39d8-43e4-bfe2-aa507985f1ba', 'fc1f925f-4533-4162-953c-c2663bb4cc34');
INSERT INTO elements (id, attributes, ref_photo, ref_photos_folder, description, fk_parent_element, fk_element_type, fk_room) VALUES ('b0aaa1d0-1a03-4b97-ab8a-4810c82448ba', '"Couleur"=>"Gris"', 'f70f5162-5cba-483d-b4a9-3ca4845fc4a1', '8e50c2f0-740d-4031-9e35-b88c4eeb09ab', 'Mur', NULL, '1af90b8d-a067-4459-be2d-437c574cd60c', '6cfd2970-d082-405d-8612-c960e425d5e7');
INSERT INTO elements (id, attributes, ref_photo, ref_photos_folder, description, fk_parent_element, fk_element_type, fk_room) VALUES ('50abc1b3-8022-4ced-815b-1494e213e496', '"Couleur"=>"Gris"', 'dffb1a07-b4a5-49a1-bd60-cb3af12acfb9', '55e9acde-fb93-48ae-9b1c-a36df6d618d0', 'Mur', NULL, '1af90b8d-a067-4459-be2d-437c574cd60c', '6cfd2970-d082-405d-8612-c960e425d5e7');
INSERT INTO elements (id, attributes, ref_photo, ref_photos_folder, description, fk_parent_element, fk_element_type, fk_room) VALUES ('80c6dab9-f6b9-4bc4-a3b6-e15a4c1eae5a', '"Couleur"=>"Gris"', 'e8288b4d-095e-4987-8e70-054583545054', 'bb066280-ce77-4a11-b15a-e7e865961750', 'Mur', NULL, '1af90b8d-a067-4459-be2d-437c574cd60c', '6cfd2970-d082-405d-8612-c960e425d5e7');
INSERT INTO elements (id, attributes, ref_photo, ref_photos_folder, description, fk_parent_element, fk_element_type, fk_room) VALUES ('6f473eeb-3e8f-4222-b0a3-c89023885463', '"Couleur"=>"Gris"', 'afb2d7cf-a24b-4d5c-8bc5-a937231f3f45', 'a97ecbaa-de7a-4213-8eff-e242419926ce', 'Mur', NULL, '1af90b8d-a067-4459-be2d-437c574cd60c', '6cfd2970-d082-405d-8612-c960e425d5e7');
INSERT INTO elements (id, attributes, ref_photo, ref_photos_folder, description, fk_parent_element, fk_element_type, fk_room) VALUES ('50261291-f9b1-4bf2-8cf9-5ec7d82aecf9', '"Couleur"=>"Noir"', 'b556c5ca-7f5f-4b13-b5a7-8307642d3a6c', 'c202c8c1-8ba6-4a3c-8446-822cd7ff23b1', 'Sol', NULL, '3185d43c-df4e-4b31-b404-ba53ed42329a', '6cfd2970-d082-405d-8612-c960e425d5e7');
INSERT INTO elements (id, attributes, ref_photo, ref_photos_folder, description, fk_parent_element, fk_element_type, fk_room) VALUES ('f8821987-60da-441b-b8a3-9dec60e22c1f', '"Couleur"=>"Blanc"', '569fe272-3a62-4dde-be8c-fff331d6a28c', '2748f003-1389-4c99-b0d1-1c6f8e3fec64', 'Plafond', NULL, '3907aaf4-39d8-43e4-bfe2-aa507985f1ba', '6cfd2970-d082-405d-8612-c960e425d5e7');
INSERT INTO elements (id, attributes, ref_photo, ref_photos_folder, description, fk_parent_element, fk_element_type, fk_room) VALUES ('6598a664-e336-4105-a4cc-80dffe932c91', '"Couleur"=>"Gris"', '904272df-e543-4f59-aa92-8a2931012e26', '498e542e-3d24-42e0-8b5f-5fda56061cb1', 'Mur', NULL, '1af90b8d-a067-4459-be2d-437c574cd60c', '743c5bad-01da-4838-853b-19413eff0c16');
INSERT INTO elements (id, attributes, ref_photo, ref_photos_folder, description, fk_parent_element, fk_element_type, fk_room) VALUES ('70187e2d-8f61-4f94-9041-31fb49789335', '"Couleur"=>"Gris"', '1d8820ba-ce2e-499d-b745-e1323d42c9a7', '04023d5d-6959-41dc-9a42-dd47a873483d', 'Mur', NULL, '1af90b8d-a067-4459-be2d-437c574cd60c', '743c5bad-01da-4838-853b-19413eff0c16');
INSERT INTO elements (id, attributes, ref_photo, ref_photos_folder, description, fk_parent_element, fk_element_type, fk_room) VALUES ('6f8173a5-7e7f-4a37-9cac-acfe2ea5cff8', '"Couleur"=>"Gris"', 'e1703bd7-eb34-45a5-a6f8-72944b9e2069', '110483d8-7dc4-4c00-bf93-248e82844f5b', 'Mur', NULL, '1af90b8d-a067-4459-be2d-437c574cd60c', '743c5bad-01da-4838-853b-19413eff0c16');
INSERT INTO elements (id, attributes, ref_photo, ref_photos_folder, description, fk_parent_element, fk_element_type, fk_room) VALUES ('348e585c-d550-44b5-b931-7c3c30368903', '"Couleur"=>"Gris"', '64604890-cef8-40be-af16-53824eb20311', '8303574d-073a-4b45-9547-504668639e28', 'Mur', NULL, '1af90b8d-a067-4459-be2d-437c574cd60c', '743c5bad-01da-4838-853b-19413eff0c16');
INSERT INTO elements (id, attributes, ref_photo, ref_photos_folder, description, fk_parent_element, fk_element_type, fk_room) VALUES ('03d9011a-794f-4bfd-85fc-aee74078c89b', '"Couleur"=>"Noir"', 'f63e0ad0-6cd5-4f5a-948a-87f423e87fa3', '840e4266-3859-492b-81e8-98521ebb463a', 'Sol', NULL, '3185d43c-df4e-4b31-b404-ba53ed42329a', '743c5bad-01da-4838-853b-19413eff0c16');
INSERT INTO elements (id, attributes, ref_photo, ref_photos_folder, description, fk_parent_element, fk_element_type, fk_room) VALUES ('e728102d-58e3-479e-aaf4-e214872d2d20', '"Couleur"=>"Blanc"', '99f12dfd-3a8a-4550-b21a-0e6d46fb6486', '06a0d4ea-673e-46e2-86b5-5f988e0c591a', 'Plafond', NULL, '3907aaf4-39d8-43e4-bfe2-aa507985f1ba', '743c5bad-01da-4838-853b-19413eff0c16');
INSERT INTO elements (id, attributes, ref_photo, ref_photos_folder, description, fk_parent_element, fk_element_type, fk_room) VALUES ('e3bf7fd0-8fc4-4e61-8dc1-86d134a8c398', '"Couleur"=>"Gris"', '646d3f1b-ea8e-4254-b3f8-b7dcb3e50079', '4f9ba92d-1346-4d88-a522-1be364be533b', 'Mur', NULL, '1af90b8d-a067-4459-be2d-437c574cd60c', '63f2fe5c-c896-4ed4-a14e-0926e1e2a415');
INSERT INTO elements (id, attributes, ref_photo, ref_photos_folder, description, fk_parent_element, fk_element_type, fk_room) VALUES ('cbed4059-e5dc-46c0-9e5f-dc4c5c7ff3fe', '"Couleur"=>"Gris"', '66847d58-5570-4d66-b6ce-ecb70efae057', '0ede5a3d-62bf-49f4-a948-07a053e1c7b3', 'Mur', NULL, '1af90b8d-a067-4459-be2d-437c574cd60c', '63f2fe5c-c896-4ed4-a14e-0926e1e2a415');
INSERT INTO elements (id, attributes, ref_photo, ref_photos_folder, description, fk_parent_element, fk_element_type, fk_room) VALUES ('e18b4dcb-06c4-4a09-8066-f4acf5223142', '"Couleur"=>"Gris"', '447b4052-c707-4760-82db-7e1f4c9d0397', 'eca3b4e8-353d-4427-8332-9eb327ceb232', 'Mur', NULL, '1af90b8d-a067-4459-be2d-437c574cd60c', '63f2fe5c-c896-4ed4-a14e-0926e1e2a415');
INSERT INTO elements (id, attributes, ref_photo, ref_photos_folder, description, fk_parent_element, fk_element_type, fk_room) VALUES ('f738c933-6c2d-4658-9b03-6ebd10b3b6c4', '"Couleur"=>"Gris"', 'f4ecddec-a18f-43d0-828e-a936818d9bf8', '5901a9cc-514f-42d1-a029-ecb8e058cfac', 'Mur', NULL, '1af90b8d-a067-4459-be2d-437c574cd60c', '63f2fe5c-c896-4ed4-a14e-0926e1e2a415');
INSERT INTO elements (id, attributes, ref_photo, ref_photos_folder, description, fk_parent_element, fk_element_type, fk_room) VALUES ('76c961a7-f25c-4a90-86f1-4f37fbb38b73', '"Couleur"=>"Noir"', '94f47ce1-6944-427b-a7fc-231e03a7942b', '1b0d0c7f-b36c-49da-b278-fdb783dafd12', 'Sol', NULL, '3185d43c-df4e-4b31-b404-ba53ed42329a', '63f2fe5c-c896-4ed4-a14e-0926e1e2a415');
INSERT INTO elements (id, attributes, ref_photo, ref_photos_folder, description, fk_parent_element, fk_element_type, fk_room) VALUES ('33230b3d-1227-47b0-8cbd-7baa96c21f0e', '"Couleur"=>"Blanc"', 'ba396317-a614-4a1c-bab1-140370f62af0', 'b100ee0a-29c6-45be-b91e-70b58ef5c244', 'Plafond', NULL, '3907aaf4-39d8-43e4-bfe2-aa507985f1ba', '63f2fe5c-c896-4ed4-a14e-0926e1e2a415');
INSERT INTO elements (id, attributes, ref_photo, ref_photos_folder, description, fk_parent_element, fk_element_type, fk_room) VALUES ('f6e773b1-fc2f-47fd-95de-2d888cec84ec', '"Couleur"=>"Gris"', '29331c20-5cee-44d0-9e62-610660393af8', '9e9fbb5c-62ad-4008-acf3-354e34be126e', 'Mur', NULL, '1af90b8d-a067-4459-be2d-437c574cd60c', 'ebf4bce8-631c-4b26-bde3-b3bbf8bfe561');
INSERT INTO elements (id, attributes, ref_photo, ref_photos_folder, description, fk_parent_element, fk_element_type, fk_room) VALUES ('0f3d2bc5-0aa4-4c81-bc09-2cb002bc84db', '"Couleur"=>"Gris"', 'd588d395-03c6-4e7f-a568-f026d6161def', 'a1a60868-147e-4045-ad6f-15aa8bfdf57c', 'Mur', NULL, '1af90b8d-a067-4459-be2d-437c574cd60c', 'ebf4bce8-631c-4b26-bde3-b3bbf8bfe561');
INSERT INTO elements (id, attributes, ref_photo, ref_photos_folder, description, fk_parent_element, fk_element_type, fk_room) VALUES ('472a728f-cea2-4ae9-96e1-e9d7876e034a', '"Couleur"=>"Gris"', '39144e5c-81cb-4c0b-aae5-04cd79732b30', '1c11fce9-8b78-4140-a2d5-c0d1c5817f11', 'Mur', NULL, '1af90b8d-a067-4459-be2d-437c574cd60c', 'ebf4bce8-631c-4b26-bde3-b3bbf8bfe561');
INSERT INTO elements (id, attributes, ref_photo, ref_photos_folder, description, fk_parent_element, fk_element_type, fk_room) VALUES ('6f6b0d21-b926-4a1e-babb-18a1afb37948', '"Couleur"=>"Gris"', '324c404f-dfd1-4dca-84cc-3ad9d9e1b8a2', '358a9094-1790-44b3-b3c9-d0682010b7bc', 'Mur', NULL, '1af90b8d-a067-4459-be2d-437c574cd60c', 'ebf4bce8-631c-4b26-bde3-b3bbf8bfe561');
INSERT INTO elements (id, attributes, ref_photo, ref_photos_folder, description, fk_parent_element, fk_element_type, fk_room) VALUES ('a2a2aeb7-05e1-41ec-aff9-444aeab9a987', '"Couleur"=>"Noir"', 'c54433ad-ae6c-4213-bc4c-b8af28a39e72', '0969dfbd-5516-4a4d-a54b-02a53eddd928', 'Sol', NULL, '3185d43c-df4e-4b31-b404-ba53ed42329a', 'ebf4bce8-631c-4b26-bde3-b3bbf8bfe561');
INSERT INTO elements (id, attributes, ref_photo, ref_photos_folder, description, fk_parent_element, fk_element_type, fk_room) VALUES ('49a14717-d7d0-41ff-9b2e-2fa372d4dd4c', '"Couleur"=>"Blanc"', '05d00972-1020-47f5-b25f-a07df5f31e11', 'b8fd7093-b2a5-4a96-bd19-9d14834c0ce0', 'Plafond', NULL, '3907aaf4-39d8-43e4-bfe2-aa507985f1ba', 'ebf4bce8-631c-4b26-bde3-b3bbf8bfe561');
INSERT INTO elements (id, attributes, ref_photo, ref_photos_folder, description, fk_parent_element, fk_element_type, fk_room) VALUES ('75608243-89b7-4996-9828-1ec85bff9eca', '"Couleur"=>"Gris"', '4948312d-2b18-4ea2-adae-e7143cc90d93', 'dc2fc135-7ac6-48b3-a083-e23a24dc8164', 'Mur', NULL, '1af90b8d-a067-4459-be2d-437c574cd60c', '0a9dc868-28ce-493f-a9e6-9b93ce137477');
INSERT INTO elements (id, attributes, ref_photo, ref_photos_folder, description, fk_parent_element, fk_element_type, fk_room) VALUES ('ef46c76a-b633-42ca-b794-575d17f26422', '"Couleur"=>"Gris"', '7bca7592-0dad-4099-ab55-ec2df0b0a7d5', '9e3059e2-98c7-4a8a-884f-de1050fded41', 'Mur', NULL, '1af90b8d-a067-4459-be2d-437c574cd60c', '0a9dc868-28ce-493f-a9e6-9b93ce137477');
INSERT INTO elements (id, attributes, ref_photo, ref_photos_folder, description, fk_parent_element, fk_element_type, fk_room) VALUES ('2772b868-0751-4929-9300-5484d78e3685', '"Couleur"=>"Gris"', '3735aa86-3300-4c3a-bcb1-f81dcde2b941', '7f7f2b34-bbe5-419e-8a9f-b849ca862549', 'Mur', NULL, '1af90b8d-a067-4459-be2d-437c574cd60c', '0a9dc868-28ce-493f-a9e6-9b93ce137477');
INSERT INTO elements (id, attributes, ref_photo, ref_photos_folder, description, fk_parent_element, fk_element_type, fk_room) VALUES ('4878c51f-dc3a-418a-a1f4-b39206ce1b39', '"Couleur"=>"Gris"', '68093408-cf8c-492f-9922-b6d53b22894b', '61e40ce3-6ff8-48e3-ae8b-a6f284d32626', 'Mur', NULL, '1af90b8d-a067-4459-be2d-437c574cd60c', '0a9dc868-28ce-493f-a9e6-9b93ce137477');
INSERT INTO elements (id, attributes, ref_photo, ref_photos_folder, description, fk_parent_element, fk_element_type, fk_room) VALUES ('47a6ac3e-3937-40d8-9276-df3b46e8700a', '"Couleur"=>"Noir"', 'e0708304-33c6-4dd2-8b39-ed3e1727f709', 'c5849197-ce7a-4771-9d2e-cd0790784e92', 'Sol', NULL, '3185d43c-df4e-4b31-b404-ba53ed42329a', '0a9dc868-28ce-493f-a9e6-9b93ce137477');
INSERT INTO elements (id, attributes, ref_photo, ref_photos_folder, description, fk_parent_element, fk_element_type, fk_room) VALUES ('f7255db1-a480-40a8-a3c6-a676df59ffdc', '"Couleur"=>"Blanc"', '2dd8f96e-d184-4c7d-8f2f-bf4bbe4dafbc', 'a963ff59-86a5-45cd-affd-5a8a65597cab', 'Plafond', NULL, '3907aaf4-39d8-43e4-bfe2-aa507985f1ba', '0a9dc868-28ce-493f-a9e6-9b93ce137477');
INSERT INTO elements (id, attributes, ref_photo, ref_photos_folder, description, fk_parent_element, fk_element_type, fk_room) VALUES ('b9742a37-8dc6-403e-baca-765ce688bf1f', '"Couleur"=>"Gris"', '9c292e23-80ff-49b6-ad20-8653d573e29d', 'cffab037-6604-4fe9-ab52-81c3d084bfa7', 'Mur', NULL, '1af90b8d-a067-4459-be2d-437c574cd60c', '1fe20f28-646e-4248-bc8f-3af1be1afeb8');
INSERT INTO elements (id, attributes, ref_photo, ref_photos_folder, description, fk_parent_element, fk_element_type, fk_room) VALUES ('65ce07e7-f24b-49c9-bd2b-f4b68f4f9159', '"Couleur"=>"Gris"', '146464a7-af33-4c34-897e-23b853a372da', 'bbe9bd0f-565a-4acf-8dd0-e8373d0f8598', 'Mur', NULL, '1af90b8d-a067-4459-be2d-437c574cd60c', '1fe20f28-646e-4248-bc8f-3af1be1afeb8');
INSERT INTO elements (id, attributes, ref_photo, ref_photos_folder, description, fk_parent_element, fk_element_type, fk_room) VALUES ('a399722b-db3c-4064-aab2-b7a63231f3b1', '"Couleur"=>"Gris"', 'c1544772-88ea-4f4d-8aab-1e96cd8e2c8f', '2cee2a74-ce87-4d06-9d82-869732529a7f', 'Mur', NULL, '1af90b8d-a067-4459-be2d-437c574cd60c', '1fe20f28-646e-4248-bc8f-3af1be1afeb8');
INSERT INTO elements (id, attributes, ref_photo, ref_photos_folder, description, fk_parent_element, fk_element_type, fk_room) VALUES ('62de5751-5a1e-4267-96a3-da44b70e57be', '"Couleur"=>"Gris"', 'dc24bc14-5641-43fb-91eb-8ed8bccd879d', 'cf795f15-66ae-4080-8c7d-bafb14023323', 'Mur', NULL, '1af90b8d-a067-4459-be2d-437c574cd60c', '1fe20f28-646e-4248-bc8f-3af1be1afeb8');
INSERT INTO elements (id, attributes, ref_photo, ref_photos_folder, description, fk_parent_element, fk_element_type, fk_room) VALUES ('714b8b8d-980e-4400-9562-a1c5a00a4ab3', '"Couleur"=>"Noir"', 'd2a623a5-ae2a-4306-8bd1-e2ab220b7108', '4303985c-0d12-4581-81f8-b4eaa3fd1d52', 'Sol', NULL, '3185d43c-df4e-4b31-b404-ba53ed42329a', '1fe20f28-646e-4248-bc8f-3af1be1afeb8');
INSERT INTO elements (id, attributes, ref_photo, ref_photos_folder, description, fk_parent_element, fk_element_type, fk_room) VALUES ('f0735204-df73-4e3a-bb86-b3d84e117540', '"Couleur"=>"Blanc"', 'eda7b2c4-8c21-4043-933e-0cd10966f289', '90281bdb-0312-464f-9946-2f1d07b1c816', 'Plafond', NULL, '3907aaf4-39d8-43e4-bfe2-aa507985f1ba', '1fe20f28-646e-4248-bc8f-3af1be1afeb8');
INSERT INTO elements (id, attributes, ref_photo, ref_photos_folder, description, fk_parent_element, fk_element_type, fk_room) VALUES ('fef575e2-25fa-4f34-b836-32b6420bb19d', '"Couleur"=>"Gris"', '444736fc-0124-4c08-bc4e-34d48ad189bb', 'f3a116f8-0059-4bfa-94ab-a73961a35f3b', 'Mur', NULL, '1af90b8d-a067-4459-be2d-437c574cd60c', '51da0ed6-d5be-4b4b-bcdc-d97d563ec22d');
INSERT INTO elements (id, attributes, ref_photo, ref_photos_folder, description, fk_parent_element, fk_element_type, fk_room) VALUES ('ef6aba7c-d99c-4f71-866b-7b0382a82c81', '"Couleur"=>"Gris"', '3f633a80-63bb-4011-8c8e-22b1e8d511e6', '72ced02a-5825-4b42-aa4e-934f6b053f50', 'Mur', NULL, '1af90b8d-a067-4459-be2d-437c574cd60c', '51da0ed6-d5be-4b4b-bcdc-d97d563ec22d');
INSERT INTO elements (id, attributes, ref_photo, ref_photos_folder, description, fk_parent_element, fk_element_type, fk_room) VALUES ('a2f38b8c-7c32-4312-bd93-b017de5e3a6b', '"Couleur"=>"Gris"', '6a22e7a0-3f68-48a9-9e7a-907bb9352faf', '0a50d71e-e0aa-4471-8b32-afd33412c691', 'Mur', NULL, '1af90b8d-a067-4459-be2d-437c574cd60c', '51da0ed6-d5be-4b4b-bcdc-d97d563ec22d');
INSERT INTO elements (id, attributes, ref_photo, ref_photos_folder, description, fk_parent_element, fk_element_type, fk_room) VALUES ('01c67570-5231-48c8-8013-d301b5238e35', '"Couleur"=>"Gris"', '38763242-b01b-43bf-b72e-8a85cfaf973c', '37a0c45b-b6ab-40a3-b102-d2a5d2adadc8', 'Mur', NULL, '1af90b8d-a067-4459-be2d-437c574cd60c', '51da0ed6-d5be-4b4b-bcdc-d97d563ec22d');
INSERT INTO elements (id, attributes, ref_photo, ref_photos_folder, description, fk_parent_element, fk_element_type, fk_room) VALUES ('9d54de14-e4a3-469d-b6d6-ecd1ab52c45f', '"Couleur"=>"Noir"', '1d999aa9-3a80-44f4-912e-ff5c6c02f685', '372cacbf-d3b8-483a-bef8-85ef45d24ffd', 'Sol', NULL, '3185d43c-df4e-4b31-b404-ba53ed42329a', '51da0ed6-d5be-4b4b-bcdc-d97d563ec22d');
INSERT INTO elements (id, attributes, ref_photo, ref_photos_folder, description, fk_parent_element, fk_element_type, fk_room) VALUES ('62593b50-d6ae-4df6-95ed-86e014e37c1a', '"Couleur"=>"Blanc"', 'a18a5311-f53b-4587-b668-90e82fc551ec', 'aa7c09c1-4ef9-4336-85f0-8490df7515b2', 'Plafond', NULL, '3907aaf4-39d8-43e4-bfe2-aa507985f1ba', '51da0ed6-d5be-4b4b-bcdc-d97d563ec22d');
INSERT INTO elements (id, attributes, ref_photo, ref_photos_folder, description, fk_parent_element, fk_element_type, fk_room) VALUES ('73e745cb-1334-48e7-9dc9-d907bdb4e400', '"Couleur"=>"Gris"', '0e3625e9-0621-4ce7-895f-37172fd7c2da', '4a957e6d-48ba-41fb-9119-79c706e2a953', 'Mur', NULL, '1af90b8d-a067-4459-be2d-437c574cd60c', '0bb97ea4-6fde-4e31-86a2-44403b473d07');
INSERT INTO elements (id, attributes, ref_photo, ref_photos_folder, description, fk_parent_element, fk_element_type, fk_room) VALUES ('e6b57628-ece3-4b22-a8f4-ef16bd4802f7', '"Couleur"=>"Gris"', '874abb50-20bc-49e4-9785-e7e473e5f190', 'c24d0e2f-c06c-4d30-ad99-f332574b3f19', 'Mur', NULL, '1af90b8d-a067-4459-be2d-437c574cd60c', '0bb97ea4-6fde-4e31-86a2-44403b473d07');
INSERT INTO elements (id, attributes, ref_photo, ref_photos_folder, description, fk_parent_element, fk_element_type, fk_room) VALUES ('b941cb2d-5186-4eff-9b10-a34b21a11015', '"Couleur"=>"Gris"', '665f0f39-bb82-4d7f-9491-7b29d6b59fe6', '654c3eb7-f35e-4a0b-8a1f-a113d1fda600', 'Mur', NULL, '1af90b8d-a067-4459-be2d-437c574cd60c', '0bb97ea4-6fde-4e31-86a2-44403b473d07');
INSERT INTO elements (id, attributes, ref_photo, ref_photos_folder, description, fk_parent_element, fk_element_type, fk_room) VALUES ('6b7a3775-88a2-4888-9fb2-5098a7b90fad', '"Couleur"=>"Gris"', '01abf644-a1ab-4cbd-aa32-01943c294a90', '74218fec-7d4c-45bb-8fe8-f553290bb745', 'Mur', NULL, '1af90b8d-a067-4459-be2d-437c574cd60c', '0bb97ea4-6fde-4e31-86a2-44403b473d07');
INSERT INTO elements (id, attributes, ref_photo, ref_photos_folder, description, fk_parent_element, fk_element_type, fk_room) VALUES ('6e037a5d-2172-4fe0-b92a-5a1339987219', '"Couleur"=>"Noir"', 'a64eea8b-9f00-469e-ae18-7f89339c13d7', '406bf474-76c7-49af-b9bf-7b1b43880a48', 'Sol', NULL, '3185d43c-df4e-4b31-b404-ba53ed42329a', '0bb97ea4-6fde-4e31-86a2-44403b473d07');
INSERT INTO elements (id, attributes, ref_photo, ref_photos_folder, description, fk_parent_element, fk_element_type, fk_room) VALUES ('80ee04c8-a4bd-4714-8c4b-56f4c68758c4', '"Couleur"=>"Blanc"', 'b6a18f88-e99b-4648-ae6d-ef6a3b70245d', 'a31e4306-2609-4d2f-b886-718bffbd4e8e', 'Plafond', NULL, '3907aaf4-39d8-43e4-bfe2-aa507985f1ba', '0bb97ea4-6fde-4e31-86a2-44403b473d07');
INSERT INTO elements (id, attributes, ref_photo, ref_photos_folder, description, fk_parent_element, fk_element_type, fk_room) VALUES ('3eefcbf1-6b41-425e-80fc-be3a8ff3aeca', '"Couleur"=>"Gris"', '41e496f8-c94e-4c79-9ee8-1596872bb353', '3348550b-83ab-44af-bea2-a11f92ec7b02', 'Mur', NULL, '1af90b8d-a067-4459-be2d-437c574cd60c', '552c4a90-2073-4429-8289-532aa44db4f3');
INSERT INTO elements (id, attributes, ref_photo, ref_photos_folder, description, fk_parent_element, fk_element_type, fk_room) VALUES ('c588dbb3-6e82-4c59-85a6-95b00abb7f12', '"Couleur"=>"Gris"', 'ea881238-9ab2-4e00-aea3-2cc89dc9921a', 'fe979fe5-db50-48af-8d98-899dabbc6753', 'Mur', NULL, '1af90b8d-a067-4459-be2d-437c574cd60c', '552c4a90-2073-4429-8289-532aa44db4f3');
INSERT INTO elements (id, attributes, ref_photo, ref_photos_folder, description, fk_parent_element, fk_element_type, fk_room) VALUES ('24bc38b3-70b0-439a-920e-ffe68b0ff007', '"Couleur"=>"Gris"', 'fa1b048b-4052-4913-b24a-cbae4fbe3f61', '56067b68-803f-4312-90e0-12f751f026f3', 'Mur', NULL, '1af90b8d-a067-4459-be2d-437c574cd60c', '552c4a90-2073-4429-8289-532aa44db4f3');
INSERT INTO elements (id, attributes, ref_photo, ref_photos_folder, description, fk_parent_element, fk_element_type, fk_room) VALUES ('668d1c74-8f7e-4791-ae26-94f6685b3b04', '"Couleur"=>"Gris"', '77d68cfc-0444-4cfd-9d28-167b7fad0e9e', 'c202e5ab-693e-4d43-a9ce-f6931e384f7e', 'Mur', NULL, '1af90b8d-a067-4459-be2d-437c574cd60c', '552c4a90-2073-4429-8289-532aa44db4f3');
INSERT INTO elements (id, attributes, ref_photo, ref_photos_folder, description, fk_parent_element, fk_element_type, fk_room) VALUES ('94801273-58df-43e4-bd6f-9e1cb446fca9', '"Couleur"=>"Noir"', '80aebb48-8acf-4567-ade6-812787612383', '439abb2a-35b4-4985-ad9f-6abde8e09a84', 'Sol', NULL, '3185d43c-df4e-4b31-b404-ba53ed42329a', '552c4a90-2073-4429-8289-532aa44db4f3');
INSERT INTO elements (id, attributes, ref_photo, ref_photos_folder, description, fk_parent_element, fk_element_type, fk_room) VALUES ('a23bb657-d576-488a-9283-185fe818bc20', '"Couleur"=>"Blanc"', 'ea2be501-6394-43ca-bc2c-2e413219ece4', '932f677b-7740-40c1-a004-d23857c250b4', 'Plafond', NULL, '3907aaf4-39d8-43e4-bfe2-aa507985f1ba', '552c4a90-2073-4429-8289-532aa44db4f3');
INSERT INTO elements (id, attributes, ref_photo, ref_photos_folder, description, fk_parent_element, fk_element_type, fk_room) VALUES ('4f9ead1f-e1dd-4542-ae51-9cd58a84559b', '"Couleur"=>"Gris"', '52328de2-d822-4aba-9605-19ce526b5c37', '131ce33f-0e72-4118-b947-f9dbd557e654', 'Mur', NULL, '1af90b8d-a067-4459-be2d-437c574cd60c', 'fdde45f7-283d-43c5-aaf0-751e2866f6cf');
INSERT INTO elements (id, attributes, ref_photo, ref_photos_folder, description, fk_parent_element, fk_element_type, fk_room) VALUES ('2c002736-920a-49bf-898e-82d0a11732d2', '"Couleur"=>"Gris"', 'e41d52fe-6677-4fac-8d54-91a424959dac', 'd218cadc-ae6a-4645-9976-0f7574918cb5', 'Mur', NULL, '1af90b8d-a067-4459-be2d-437c574cd60c', 'fdde45f7-283d-43c5-aaf0-751e2866f6cf');
INSERT INTO elements (id, attributes, ref_photo, ref_photos_folder, description, fk_parent_element, fk_element_type, fk_room) VALUES ('70ae6d38-d046-4eac-bcf3-f9ce950b9b30', '"Couleur"=>"Gris"', '783c8785-c28f-4497-ace3-2fdf0e0710f3', 'dd4fdb8d-439d-4ccf-9550-8048629760c4', 'Mur', NULL, '1af90b8d-a067-4459-be2d-437c574cd60c', 'fdde45f7-283d-43c5-aaf0-751e2866f6cf');
INSERT INTO elements (id, attributes, ref_photo, ref_photos_folder, description, fk_parent_element, fk_element_type, fk_room) VALUES ('16e127da-722f-493c-bdfc-56ebc0021b53', '"Couleur"=>"Gris"', '42bf9f7d-ab97-4a81-b8e3-546bda15c55c', 'b78cef79-022e-47f7-8719-d26564094be3', 'Mur', NULL, '1af90b8d-a067-4459-be2d-437c574cd60c', 'fdde45f7-283d-43c5-aaf0-751e2866f6cf');
INSERT INTO elements (id, attributes, ref_photo, ref_photos_folder, description, fk_parent_element, fk_element_type, fk_room) VALUES ('b919fe4a-ba27-4413-8566-41dd8b5a5036', '"Couleur"=>"Noir"', '14407532-934b-40c2-844e-ffe744ca0bdb', 'b87a6937-6be3-4b80-83ed-c9c212c3e475', 'Sol', NULL, '3185d43c-df4e-4b31-b404-ba53ed42329a', 'fdde45f7-283d-43c5-aaf0-751e2866f6cf');
INSERT INTO elements (id, attributes, ref_photo, ref_photos_folder, description, fk_parent_element, fk_element_type, fk_room) VALUES ('d0938da9-3a2a-468f-934d-b9bba8d01f81', '"Couleur"=>"Blanc"', 'cc9806f3-2c01-4c36-ac9b-1e77fa009fe7', '3b808829-5488-48d0-8267-60b47afcfd4e', 'Plafond', NULL, '3907aaf4-39d8-43e4-bfe2-aa507985f1ba', 'fdde45f7-283d-43c5-aaf0-751e2866f6cf');
INSERT INTO elements (id, attributes, ref_photo, ref_photos_folder, description, fk_parent_element, fk_element_type, fk_room) VALUES ('588cd672-00d1-4a4c-b978-dc29ea85b78b', '"Couleur"=>"Gris"', 'b91f6ce1-5f68-42f5-a699-230562098361', '7514493d-6683-4b7a-bb6f-ccb2c98acfd9', 'Mur', NULL, '1af90b8d-a067-4459-be2d-437c574cd60c', '08808953-e2a2-4db2-a898-0732455f97a6');
INSERT INTO elements (id, attributes, ref_photo, ref_photos_folder, description, fk_parent_element, fk_element_type, fk_room) VALUES ('bcc57e4b-10cc-4788-98d1-148158f186c6', '"Couleur"=>"Gris"', '36eb0f49-37fa-424c-b5c8-3ecc722671f0', 'c29d1651-f41c-474b-a562-f9e674c9873f', 'Mur', NULL, '1af90b8d-a067-4459-be2d-437c574cd60c', '08808953-e2a2-4db2-a898-0732455f97a6');
INSERT INTO elements (id, attributes, ref_photo, ref_photos_folder, description, fk_parent_element, fk_element_type, fk_room) VALUES ('68b67938-c346-41b8-b82c-21afa812bc5e', '"Couleur"=>"Gris"', 'e7eeb6e8-8d92-40e7-bb7e-43e8e24929a1', '6f2ae534-5a3f-4840-86a0-2a3c4d3e8e31', 'Mur', NULL, '1af90b8d-a067-4459-be2d-437c574cd60c', '08808953-e2a2-4db2-a898-0732455f97a6');
INSERT INTO elements (id, attributes, ref_photo, ref_photos_folder, description, fk_parent_element, fk_element_type, fk_room) VALUES ('27481f7b-e7fb-4ce4-b0f0-c7a7b95c02f6', '"Couleur"=>"Gris"', '0fd31a14-5c75-4036-a13f-38a8e34ea395', 'a6cc0bef-e017-4d11-8afc-7d7c726dd49c', 'Mur', NULL, '1af90b8d-a067-4459-be2d-437c574cd60c', '08808953-e2a2-4db2-a898-0732455f97a6');
INSERT INTO elements (id, attributes, ref_photo, ref_photos_folder, description, fk_parent_element, fk_element_type, fk_room) VALUES ('009c3b38-0b51-4176-9f82-d16d4b291ac2', '"Couleur"=>"Noir"', 'c43fc867-7edc-4379-b7d8-426ebe725f33', '2cbd1575-71e1-4fbd-940a-5c7d8b7a561a', 'Sol', NULL, '3185d43c-df4e-4b31-b404-ba53ed42329a', '08808953-e2a2-4db2-a898-0732455f97a6');
INSERT INTO elements (id, attributes, ref_photo, ref_photos_folder, description, fk_parent_element, fk_element_type, fk_room) VALUES ('30122b55-ebb8-4192-8691-2f0b550b959c', '"Couleur"=>"Blanc"', 'ebfe4a83-1f68-4411-bef8-aeee49aa1bf9', '4c81dfd1-65d1-48f1-9a8a-0734614e4cb9', 'Plafond', NULL, '3907aaf4-39d8-43e4-bfe2-aa507985f1ba', '08808953-e2a2-4db2-a898-0732455f97a6');
INSERT INTO elements (id, attributes, ref_photo, ref_photos_folder, description, fk_parent_element, fk_element_type, fk_room) VALUES ('d34e76d9-2d84-4710-a119-4cad55502edf', '"Couleur"=>"Gris"', 'b8b1efaa-cd56-4ae4-b55f-60b24e1b13a8', 'df800495-550b-4f16-b58b-8e8234239f59', 'Mur', NULL, '1af90b8d-a067-4459-be2d-437c574cd60c', '32456ba9-1e10-4cef-88b2-3248afb4110f');
INSERT INTO elements (id, attributes, ref_photo, ref_photos_folder, description, fk_parent_element, fk_element_type, fk_room) VALUES ('f89e49f6-87a4-47c8-9f65-d7a02e23e618', '"Couleur"=>"Gris"', 'b4ffa38b-9448-4e13-84a6-b7e5800399a9', '2e228702-3595-4a45-9af7-072e84d27072', 'Mur', NULL, '1af90b8d-a067-4459-be2d-437c574cd60c', '32456ba9-1e10-4cef-88b2-3248afb4110f');
INSERT INTO elements (id, attributes, ref_photo, ref_photos_folder, description, fk_parent_element, fk_element_type, fk_room) VALUES ('5a679316-19d5-47e8-97b8-f1e2717abe7e', '"Couleur"=>"Gris"', 'ad0e649c-0980-4e86-b304-b8f59cc45f13', '768c2caf-5a7d-412e-8adb-c10c3870a8d5', 'Mur', NULL, '1af90b8d-a067-4459-be2d-437c574cd60c', '32456ba9-1e10-4cef-88b2-3248afb4110f');
INSERT INTO elements (id, attributes, ref_photo, ref_photos_folder, description, fk_parent_element, fk_element_type, fk_room) VALUES ('0ccd49f6-9732-41eb-a7e4-1182455e877f', '"Couleur"=>"Gris"', 'da33af57-4825-4725-a241-6c0c45c3f554', '1820ff8b-efcf-48bc-9316-0eaa77e48b18', 'Mur', NULL, '1af90b8d-a067-4459-be2d-437c574cd60c', '32456ba9-1e10-4cef-88b2-3248afb4110f');
INSERT INTO elements (id, attributes, ref_photo, ref_photos_folder, description, fk_parent_element, fk_element_type, fk_room) VALUES ('69e37829-a756-41c4-868b-73c6d1d8ddd9', '"Couleur"=>"Noir"', '70a4ad2d-ad39-414b-8401-75c7e2a8dcaf', '635b7321-6f03-4a40-b645-5b3e9cee7b27', 'Sol', NULL, '3185d43c-df4e-4b31-b404-ba53ed42329a', '32456ba9-1e10-4cef-88b2-3248afb4110f');
INSERT INTO elements (id, attributes, ref_photo, ref_photos_folder, description, fk_parent_element, fk_element_type, fk_room) VALUES ('b475a510-305e-4395-b8a3-7abc9c78c222', '"Couleur"=>"Blanc"', '3fddf5f3-705a-4ef9-b386-fb3296303a13', '1e1901d8-e41b-45b4-afad-04124cebb0c1', 'Plafond', NULL, '3907aaf4-39d8-43e4-bfe2-aa507985f1ba', '32456ba9-1e10-4cef-88b2-3248afb4110f');
INSERT INTO elements (id, attributes, ref_photo, ref_photos_folder, description, fk_parent_element, fk_element_type, fk_room) VALUES ('79575008-93e5-4b24-bb04-8e0b31007de4', '"Couleur"=>"Gris"', 'c7b1b356-33dc-432b-bc49-050391ed664b', 'ad4fbda8-e9bd-4963-96d2-22b2a7314a3c', 'Mur', NULL, '1af90b8d-a067-4459-be2d-437c574cd60c', 'a4aaa798-e689-46cf-b1d0-944c3eaba915');
INSERT INTO elements (id, attributes, ref_photo, ref_photos_folder, description, fk_parent_element, fk_element_type, fk_room) VALUES ('ef1dbbf6-16e5-468d-8aaf-ee63ad3222e2', '"Couleur"=>"Gris"', '0d97ab29-bd34-41e6-bc8d-4b4c946be442', '7426ebbb-4ead-4434-ac4b-6c53efe5f513', 'Mur', NULL, '1af90b8d-a067-4459-be2d-437c574cd60c', 'a4aaa798-e689-46cf-b1d0-944c3eaba915');
INSERT INTO elements (id, attributes, ref_photo, ref_photos_folder, description, fk_parent_element, fk_element_type, fk_room) VALUES ('fa58a5e6-7c4c-4435-a034-e723b27306b6', '"Couleur"=>"Gris"', 'faa9e421-e495-40ae-84db-32d3e8645fe9', '1a22ed14-3d2e-4edb-8c6b-2424f4c17330', 'Mur', NULL, '1af90b8d-a067-4459-be2d-437c574cd60c', 'a4aaa798-e689-46cf-b1d0-944c3eaba915');
INSERT INTO elements (id, attributes, ref_photo, ref_photos_folder, description, fk_parent_element, fk_element_type, fk_room) VALUES ('1c3b8dfb-7b46-4027-9c13-1f4f3166ee08', '"Couleur"=>"Gris"', '491c201d-c6b6-439a-935b-87de40b821df', '90841eee-c98e-4841-9ef3-d100a54c67cb', 'Mur', NULL, '1af90b8d-a067-4459-be2d-437c574cd60c', 'a4aaa798-e689-46cf-b1d0-944c3eaba915');
INSERT INTO elements (id, attributes, ref_photo, ref_photos_folder, description, fk_parent_element, fk_element_type, fk_room) VALUES ('41bbf860-64e8-4984-aa8a-2a81054c002c', '"Couleur"=>"Noir"', '9d9c04ba-12a3-45ca-aa42-1962b915652c', '622734d7-4f7b-4443-8ea2-69e068b84053', 'Sol', NULL, '3185d43c-df4e-4b31-b404-ba53ed42329a', 'a4aaa798-e689-46cf-b1d0-944c3eaba915');
INSERT INTO elements (id, attributes, ref_photo, ref_photos_folder, description, fk_parent_element, fk_element_type, fk_room) VALUES ('880883e7-860d-490b-86ac-5a0c4dcaa25b', '"Couleur"=>"Blanc"', 'e3d11660-7b5e-4a27-841d-8fc58031cee9', '73139f6a-719c-46cb-a090-e54d358f53d1', 'Plafond', NULL, '3907aaf4-39d8-43e4-bfe2-aa507985f1ba', 'a4aaa798-e689-46cf-b1d0-944c3eaba915');
INSERT INTO elements (id, attributes, ref_photo, ref_photos_folder, description, fk_parent_element, fk_element_type, fk_room) VALUES ('0fae6698-46ff-471e-85f6-6358e39d7e66', '"Couleur"=>"Gris"', '29fe839d-2979-4bd2-8e32-ea405ebe752c', 'b6225c20-c7b2-4def-8529-c063263b1acb', 'Mur', NULL, '1af90b8d-a067-4459-be2d-437c574cd60c', '9a8b7674-711e-4937-bd24-bcad65a9b01f');
INSERT INTO elements (id, attributes, ref_photo, ref_photos_folder, description, fk_parent_element, fk_element_type, fk_room) VALUES ('a621718e-fd04-4b16-b839-278f2af6582c', '"Couleur"=>"Gris"', '94a5e3f1-8bcc-443f-a17e-06e3fe8d9cb7', '0fb006fe-f9b0-4a54-af3e-c04e4d2a8cca', 'Mur', NULL, '1af90b8d-a067-4459-be2d-437c574cd60c', '9a8b7674-711e-4937-bd24-bcad65a9b01f');
INSERT INTO elements (id, attributes, ref_photo, ref_photos_folder, description, fk_parent_element, fk_element_type, fk_room) VALUES ('932deca7-8f28-485e-9d5d-d47ef03ffae7', '"Couleur"=>"Gris"', '49053c13-fa34-4ff3-99de-b178ef21dcdd', '1641f403-3301-4f61-8d46-b9641e58b8f9', 'Mur', NULL, '1af90b8d-a067-4459-be2d-437c574cd60c', '9a8b7674-711e-4937-bd24-bcad65a9b01f');
INSERT INTO elements (id, attributes, ref_photo, ref_photos_folder, description, fk_parent_element, fk_element_type, fk_room) VALUES ('2308862f-b39a-4732-82ac-0981c45d39b3', '"Couleur"=>"Gris"', '7d152fe8-e32f-4523-ae56-eece95aea78d', 'bec6bc4a-a09d-49a2-b47b-f785c9c7c67f', 'Mur', NULL, '1af90b8d-a067-4459-be2d-437c574cd60c', '9a8b7674-711e-4937-bd24-bcad65a9b01f');
INSERT INTO elements (id, attributes, ref_photo, ref_photos_folder, description, fk_parent_element, fk_element_type, fk_room) VALUES ('c51e55ff-ca6a-4082-910d-ee393972a31d', '"Couleur"=>"Noir"', '09aad000-b4ed-4937-8758-4eda74da8924', '09d4d0c5-47fc-4bbd-b9cf-13094720e1c3', 'Sol', NULL, '3185d43c-df4e-4b31-b404-ba53ed42329a', '9a8b7674-711e-4937-bd24-bcad65a9b01f');
INSERT INTO elements (id, attributes, ref_photo, ref_photos_folder, description, fk_parent_element, fk_element_type, fk_room) VALUES ('28e5fb3a-8652-423e-bdf2-80fa926f7454', '"Couleur"=>"Blanc"', '03168e41-0ee4-4fb0-b21a-e58c0110022c', 'ec105385-f943-4498-9a91-7f5a0aa55e39', 'Plafond', NULL, '3907aaf4-39d8-43e4-bfe2-aa507985f1ba', '9a8b7674-711e-4937-bd24-bcad65a9b01f');
INSERT INTO elements (id, attributes, ref_photo, ref_photos_folder, description, fk_parent_element, fk_element_type, fk_room) VALUES ('267546a7-bb62-4f97-b64d-81a552e4261c', '"Couleur"=>"Gris"', 'bb250410-b878-465a-a98d-29c841f3f59b', 'bda2c87f-8959-4729-aa3a-979836462a17', 'Mur', NULL, '1af90b8d-a067-4459-be2d-437c574cd60c', '097f3d73-36d5-4c28-bced-4bf5dfd998f2');
INSERT INTO elements (id, attributes, ref_photo, ref_photos_folder, description, fk_parent_element, fk_element_type, fk_room) VALUES ('a7f96fab-da27-4c82-96be-ffb5bc880fdd', '"Couleur"=>"Gris"', 'a90480fe-9ebe-4e51-93d3-82a3dbe555aa', 'cc49cdc6-6acc-4866-b971-8cb27fac94db', 'Mur', NULL, '1af90b8d-a067-4459-be2d-437c574cd60c', '097f3d73-36d5-4c28-bced-4bf5dfd998f2');
INSERT INTO elements (id, attributes, ref_photo, ref_photos_folder, description, fk_parent_element, fk_element_type, fk_room) VALUES ('88375f73-1727-4f64-8041-d37c689de8aa', '"Couleur"=>"Gris"', '149f8b34-e4ce-4760-a26b-54e0445bb29f', '6cbb1171-ba9f-4c37-9383-e62bcd409eec', 'Mur', NULL, '1af90b8d-a067-4459-be2d-437c574cd60c', '097f3d73-36d5-4c28-bced-4bf5dfd998f2');
INSERT INTO elements (id, attributes, ref_photo, ref_photos_folder, description, fk_parent_element, fk_element_type, fk_room) VALUES ('f0f8728a-b572-457e-992e-78ce7fa4d204', '"Couleur"=>"Gris"', 'a56a8775-30d7-48ea-ab77-aa0deba000f9', '00b67a3c-250d-43c9-b384-3769aac581c5', 'Mur', NULL, '1af90b8d-a067-4459-be2d-437c574cd60c', '097f3d73-36d5-4c28-bced-4bf5dfd998f2');
INSERT INTO elements (id, attributes, ref_photo, ref_photos_folder, description, fk_parent_element, fk_element_type, fk_room) VALUES ('d7f76c49-b5db-473a-bf73-b606380c6087', '"Couleur"=>"Noir"', '81ae4729-d679-411f-90c5-a77eaf237d75', '47de3a83-4b64-4a9d-aff2-9dc8c0544cb7', 'Sol', NULL, '3185d43c-df4e-4b31-b404-ba53ed42329a', '097f3d73-36d5-4c28-bced-4bf5dfd998f2');
INSERT INTO elements (id, attributes, ref_photo, ref_photos_folder, description, fk_parent_element, fk_element_type, fk_room) VALUES ('70da8149-3b67-44ba-8671-66caa563d6eb', '"Couleur"=>"Blanc"', 'de90e0a1-d436-4379-9e0d-4524ba11e73d', '6fd6e41a-5767-46b0-aa20-64959c69a866', 'Plafond', NULL, '3907aaf4-39d8-43e4-bfe2-aa507985f1ba', '097f3d73-36d5-4c28-bced-4bf5dfd998f2');
INSERT INTO elements (id, attributes, ref_photo, ref_photos_folder, description, fk_parent_element, fk_element_type, fk_room) VALUES ('71b1d14c-f313-454b-950c-cf1cdd00505f', '"Couleur"=>"Gris"', '7fc29a9b-fd57-47eb-a819-0822152d1a36', 'df1e8b4f-d448-47e8-8bab-f753e27e45b0', 'Mur', NULL, '1af90b8d-a067-4459-be2d-437c574cd60c', '0f4a2895-2c19-4540-9a2d-5f72e22c52b1');
INSERT INTO elements (id, attributes, ref_photo, ref_photos_folder, description, fk_parent_element, fk_element_type, fk_room) VALUES ('817044d7-b9eb-4611-a350-0beff473433b', '"Couleur"=>"Gris"', '2213d342-a829-429f-8173-467686d90733', '90434fc3-5a9d-4ac8-957e-c46663e2dd93', 'Mur', NULL, '1af90b8d-a067-4459-be2d-437c574cd60c', '0f4a2895-2c19-4540-9a2d-5f72e22c52b1');
INSERT INTO elements (id, attributes, ref_photo, ref_photos_folder, description, fk_parent_element, fk_element_type, fk_room) VALUES ('d6153167-b14a-4489-b5cc-ea917fd150a4', '"Couleur"=>"Gris"', 'ef039c0f-3e01-4e17-9d4e-363066e8f9a1', 'ce6ceb22-1831-477e-8cab-a7e95b7c7d09', 'Mur', NULL, '1af90b8d-a067-4459-be2d-437c574cd60c', '0f4a2895-2c19-4540-9a2d-5f72e22c52b1');
INSERT INTO elements (id, attributes, ref_photo, ref_photos_folder, description, fk_parent_element, fk_element_type, fk_room) VALUES ('9629e923-7d91-4668-8c00-17d637a41b1e', '"Couleur"=>"Gris"', '7c34194c-c186-44fc-9da9-7b01fe2bf7c5', '25bd4acf-eaa5-4834-bf6d-9796da055160', 'Mur', NULL, '1af90b8d-a067-4459-be2d-437c574cd60c', '0f4a2895-2c19-4540-9a2d-5f72e22c52b1');
INSERT INTO elements (id, attributes, ref_photo, ref_photos_folder, description, fk_parent_element, fk_element_type, fk_room) VALUES ('887e4187-f54e-4c9f-a0fe-56177b87bde3', '"Couleur"=>"Noir"', '8932a3f3-a5fa-4c42-b35a-514d0e1d8672', '6e85e649-8f85-4542-9a2c-7d155673996a', 'Sol', NULL, '3185d43c-df4e-4b31-b404-ba53ed42329a', '0f4a2895-2c19-4540-9a2d-5f72e22c52b1');
INSERT INTO elements (id, attributes, ref_photo, ref_photos_folder, description, fk_parent_element, fk_element_type, fk_room) VALUES ('6cc2295d-524b-449d-86b9-9a7347aa04fe', '"Couleur"=>"Blanc"', '67ea900f-04b5-4ef0-aa12-2716720265ad', 'a0fc1fef-56c0-4315-b350-f7a20440fba5', 'Plafond', NULL, '3907aaf4-39d8-43e4-bfe2-aa507985f1ba', '0f4a2895-2c19-4540-9a2d-5f72e22c52b1');
INSERT INTO elements (id, attributes, ref_photo, ref_photos_folder, description, fk_parent_element, fk_element_type, fk_room) VALUES ('f7b3dfc0-ae6f-40c9-861c-be121f4d80f5', '"Couleur"=>"Gris"', '928cd17d-5bee-4a9d-af68-b61eed8b07fc', '447811ba-234e-4899-afc7-26a979bb2344', 'Mur', NULL, '1af90b8d-a067-4459-be2d-437c574cd60c', '981cfdd4-4daf-4071-96b2-9adaa0c764ba');
INSERT INTO elements (id, attributes, ref_photo, ref_photos_folder, description, fk_parent_element, fk_element_type, fk_room) VALUES ('a7a5b173-ea40-4e17-a913-ca4e8eb916fe', '"Couleur"=>"Gris"', '6749c64e-a786-47e4-a1a0-230897af6b97', '28da6328-48fd-41fa-86b2-9ef4fb0f6d3e', 'Mur', NULL, '1af90b8d-a067-4459-be2d-437c574cd60c', '981cfdd4-4daf-4071-96b2-9adaa0c764ba');
INSERT INTO elements (id, attributes, ref_photo, ref_photos_folder, description, fk_parent_element, fk_element_type, fk_room) VALUES ('02bcaeca-15e2-48b3-b4f6-4d5320d1ca12', '"Couleur"=>"Gris"', '07a0e63e-d387-4ff2-aaf9-ed920100bd60', '50065054-5460-4539-9636-964f7e53ff32', 'Mur', NULL, '1af90b8d-a067-4459-be2d-437c574cd60c', '981cfdd4-4daf-4071-96b2-9adaa0c764ba');
INSERT INTO elements (id, attributes, ref_photo, ref_photos_folder, description, fk_parent_element, fk_element_type, fk_room) VALUES ('09259ce3-2765-4141-a595-a6572e11ee3a', '"Couleur"=>"Gris"', '7f65302f-900d-44e0-82a7-faded4c1a14f', '1e59f32b-c870-4612-aaae-54cbd2d546ba', 'Mur', NULL, '1af90b8d-a067-4459-be2d-437c574cd60c', '981cfdd4-4daf-4071-96b2-9adaa0c764ba');
INSERT INTO elements (id, attributes, ref_photo, ref_photos_folder, description, fk_parent_element, fk_element_type, fk_room) VALUES ('7229e301-315d-4aab-a7ac-41d198cbcb5d', '"Couleur"=>"Noir"', '563a0b9d-4cd1-4690-8500-79a83edd6aeb', '6cfc6167-ed42-4252-b8e5-a042347b175b', 'Sol', NULL, '3185d43c-df4e-4b31-b404-ba53ed42329a', '981cfdd4-4daf-4071-96b2-9adaa0c764ba');
INSERT INTO elements (id, attributes, ref_photo, ref_photos_folder, description, fk_parent_element, fk_element_type, fk_room) VALUES ('099ac5a1-56fa-4485-81d1-2ca938be07dd', '"Couleur"=>"Blanc"', 'ad206c58-c573-482f-82ee-922d0961017a', '30441727-ffcd-41e1-b17d-e58ea9910383', 'Plafond', NULL, '3907aaf4-39d8-43e4-bfe2-aa507985f1ba', '981cfdd4-4daf-4071-96b2-9adaa0c764ba');
INSERT INTO elements (id, attributes, ref_photo, ref_photos_folder, description, fk_parent_element, fk_element_type, fk_room) VALUES ('f794efc1-3dd5-4569-a0d7-eba89e45dd0d', '"Couleur"=>"Gris"', '391ed8d5-472f-471e-8071-ddd07a7c8fe5', '21c7fbfc-f24d-49d6-8664-bf717e4aeb2f', 'Mur', NULL, '1af90b8d-a067-4459-be2d-437c574cd60c', '71e9528c-5ff9-40fe-8c7a-3ff3d387bd4a');
INSERT INTO elements (id, attributes, ref_photo, ref_photos_folder, description, fk_parent_element, fk_element_type, fk_room) VALUES ('31c9a06c-324f-4005-b141-9c4393aadf9d', '"Couleur"=>"Gris"', '4b32da3c-5332-4495-a176-2c57797721f1', '4e2f618b-ec47-41f4-9e7e-7552d502590d', 'Mur', NULL, '1af90b8d-a067-4459-be2d-437c574cd60c', '71e9528c-5ff9-40fe-8c7a-3ff3d387bd4a');
INSERT INTO elements (id, attributes, ref_photo, ref_photos_folder, description, fk_parent_element, fk_element_type, fk_room) VALUES ('5209f821-762c-4419-a21d-cd34f4c4c142', '"Couleur"=>"Gris"', '2d2e7ce1-a4ba-4185-83ca-a996946c76e5', '303bb45f-c261-4b89-adf6-8efcea82ab3f', 'Mur', NULL, '1af90b8d-a067-4459-be2d-437c574cd60c', '71e9528c-5ff9-40fe-8c7a-3ff3d387bd4a');
INSERT INTO elements (id, attributes, ref_photo, ref_photos_folder, description, fk_parent_element, fk_element_type, fk_room) VALUES ('0ff72e27-b695-4d96-beea-0f25ae73fed0', '"Couleur"=>"Gris"', '91a9be2f-4f1c-4010-b51e-91b163ba5dea', '0fcf7d5f-e570-4827-bf22-6550e15e91c9', 'Mur', NULL, '1af90b8d-a067-4459-be2d-437c574cd60c', '71e9528c-5ff9-40fe-8c7a-3ff3d387bd4a');
INSERT INTO elements (id, attributes, ref_photo, ref_photos_folder, description, fk_parent_element, fk_element_type, fk_room) VALUES ('979fce21-09c2-4852-a6b6-c3e0075d78d1', '"Couleur"=>"Noir"', '93b29884-b990-4542-8856-a765f43deeed', '8df94709-2803-41e7-8b71-5495912d3a21', 'Sol', NULL, '3185d43c-df4e-4b31-b404-ba53ed42329a', '71e9528c-5ff9-40fe-8c7a-3ff3d387bd4a');
INSERT INTO elements (id, attributes, ref_photo, ref_photos_folder, description, fk_parent_element, fk_element_type, fk_room) VALUES ('f7eb2799-8f2c-4513-bf0a-b3c1fb961160', '"Couleur"=>"Blanc"', '5b7b2828-d708-4bb8-9043-fc9cfd1a9e4d', 'b64095ef-8d91-4e0a-ae8f-9267332ea5c6', 'Plafond', NULL, '3907aaf4-39d8-43e4-bfe2-aa507985f1ba', '71e9528c-5ff9-40fe-8c7a-3ff3d387bd4a');
INSERT INTO elements (id, attributes, ref_photo, ref_photos_folder, description, fk_parent_element, fk_element_type, fk_room) VALUES ('140fb0cc-ae01-4e88-8495-9cc26fb01373', '"Couleur"=>"Gris"', '9da88722-a5fa-40f9-8438-eecf4c0a41df', '677a5b90-221a-47dc-a86e-7174622be640', 'Mur', NULL, '1af90b8d-a067-4459-be2d-437c574cd60c', '9dbf8bd7-305f-4d3e-8d6b-8a979f297226');
INSERT INTO elements (id, attributes, ref_photo, ref_photos_folder, description, fk_parent_element, fk_element_type, fk_room) VALUES ('2d78fe3e-3829-47ed-83eb-574f114bf31a', '"Couleur"=>"Gris"', '99800323-b2fa-45f6-859e-5d68bc0845fe', '54128471-66a3-462e-98f2-b9b7d8d0596c', 'Mur', NULL, '1af90b8d-a067-4459-be2d-437c574cd60c', '9dbf8bd7-305f-4d3e-8d6b-8a979f297226');
INSERT INTO elements (id, attributes, ref_photo, ref_photos_folder, description, fk_parent_element, fk_element_type, fk_room) VALUES ('dc7f002e-1ca2-42ec-9c55-bf612f43a61b', '"Couleur"=>"Gris"', 'a1579937-4d7d-4707-8a7f-4de0383bb9c5', '9e8de07f-95a1-41ad-bb05-1468866982b1', 'Mur', NULL, '1af90b8d-a067-4459-be2d-437c574cd60c', '9dbf8bd7-305f-4d3e-8d6b-8a979f297226');
INSERT INTO elements (id, attributes, ref_photo, ref_photos_folder, description, fk_parent_element, fk_element_type, fk_room) VALUES ('edf6035c-d8ce-4000-ba6e-dd1dabe67953', '"Couleur"=>"Gris"', '05ec639b-c2e8-4a3e-80e4-d53a68fb1170', '032da4d8-4aab-4bbc-85a2-c2ab376e3abc', 'Mur', NULL, '1af90b8d-a067-4459-be2d-437c574cd60c', '9dbf8bd7-305f-4d3e-8d6b-8a979f297226');
INSERT INTO elements (id, attributes, ref_photo, ref_photos_folder, description, fk_parent_element, fk_element_type, fk_room) VALUES ('a4f94cde-7bb1-438e-bf12-6abdcba0c698', '"Couleur"=>"Noir"', '17687b01-77fc-4c3d-816c-ab058c5617f4', '20507d3c-057b-4b7f-81d0-1381300efa4e', 'Sol', NULL, '3185d43c-df4e-4b31-b404-ba53ed42329a', '9dbf8bd7-305f-4d3e-8d6b-8a979f297226');
INSERT INTO elements (id, attributes, ref_photo, ref_photos_folder, description, fk_parent_element, fk_element_type, fk_room) VALUES ('4baa7099-df77-49ea-b239-a7cacbd4fbef', '"Couleur"=>"Blanc"', '28d785c9-7f54-4b7c-a445-1fc6973b8c9e', '48fa6fd0-e7a0-42dc-afba-ac47b6a0b87c', 'Plafond', NULL, '3907aaf4-39d8-43e4-bfe2-aa507985f1ba', '9dbf8bd7-305f-4d3e-8d6b-8a979f297226');
INSERT INTO elements (id, attributes, ref_photo, ref_photos_folder, description, fk_parent_element, fk_element_type, fk_room) VALUES ('e97fcd60-a4ad-4c4b-b269-414afa878af7', '"Couleur"=>"Gris"', '3226fe75-520b-4c0a-b0a6-8c32fe467d80', 'd0178dcb-b5aa-495a-9a62-a8402932ecb8', 'Mur', NULL, '1af90b8d-a067-4459-be2d-437c574cd60c', '1611c4a7-9aa9-4c99-ab0b-384f43caf688');
INSERT INTO elements (id, attributes, ref_photo, ref_photos_folder, description, fk_parent_element, fk_element_type, fk_room) VALUES ('431f5210-253d-41b6-a9b2-9190b2a41604', '"Couleur"=>"Gris"', '50c96da8-e3dd-4adb-9130-52f3aa0fc585', '03925040-4291-4f71-8cf6-cb7ab30d16d7', 'Mur', NULL, '1af90b8d-a067-4459-be2d-437c574cd60c', '1611c4a7-9aa9-4c99-ab0b-384f43caf688');
INSERT INTO elements (id, attributes, ref_photo, ref_photos_folder, description, fk_parent_element, fk_element_type, fk_room) VALUES ('6ae120e9-e7b2-4b32-8009-a25ee9ae0c4b', '"Couleur"=>"Gris"', '2b263ff5-f651-4178-a6b1-21ff0c37a6d4', 'c73138a9-0a84-49f9-b936-58700df4e990', 'Mur', NULL, '1af90b8d-a067-4459-be2d-437c574cd60c', '1611c4a7-9aa9-4c99-ab0b-384f43caf688');
INSERT INTO elements (id, attributes, ref_photo, ref_photos_folder, description, fk_parent_element, fk_element_type, fk_room) VALUES ('f2ba7e97-f1eb-4b91-858b-0069a5dc24b3', '"Couleur"=>"Gris"', '14dc0ca6-77d4-44f9-81c0-8552492a1652', 'eb43a06d-d877-4df2-b710-da84a1a2ba49', 'Mur', NULL, '1af90b8d-a067-4459-be2d-437c574cd60c', '1611c4a7-9aa9-4c99-ab0b-384f43caf688');
INSERT INTO elements (id, attributes, ref_photo, ref_photos_folder, description, fk_parent_element, fk_element_type, fk_room) VALUES ('c1c55686-a22f-4fce-9b51-4c874e19738b', '"Couleur"=>"Noir"', '785d57f7-e433-4d48-9eac-e986f146eb18', '4837607a-e8bf-41fe-840f-5bf33b4e8eec', 'Sol', NULL, '3185d43c-df4e-4b31-b404-ba53ed42329a', '1611c4a7-9aa9-4c99-ab0b-384f43caf688');
INSERT INTO elements (id, attributes, ref_photo, ref_photos_folder, description, fk_parent_element, fk_element_type, fk_room) VALUES ('e64c205f-8bab-4f16-bd57-26992a709639', '"Couleur"=>"Blanc"', 'e1e30851-0cce-4a88-9ef2-d7d9165bf9d7', 'd23feffa-a5c5-470a-869b-3a2b676b1575', 'Plafond', NULL, '3907aaf4-39d8-43e4-bfe2-aa507985f1ba', '1611c4a7-9aa9-4c99-ab0b-384f43caf688');
INSERT INTO elements (id, attributes, ref_photo, ref_photos_folder, description, fk_parent_element, fk_element_type, fk_room) VALUES ('4602bd17-607d-46ea-9346-600e7769dd09', '"Couleur"=>"Gris"', '750e6bfd-ece0-4d39-bee2-9368c0998c3e', '62533f21-b75d-4258-a96e-18a4c421585c', 'Mur', NULL, '1af90b8d-a067-4459-be2d-437c574cd60c', 'c616ac40-3cfc-49e4-ba21-fc411a86e092');
INSERT INTO elements (id, attributes, ref_photo, ref_photos_folder, description, fk_parent_element, fk_element_type, fk_room) VALUES ('ada2e2f3-5c47-4c15-b639-f570879100f7', '"Couleur"=>"Gris"', 'e38b4c6e-99f6-4273-8e2c-e383981d7c95', '051f3d24-cc0c-4c06-b33e-908ef82c729b', 'Mur', NULL, '1af90b8d-a067-4459-be2d-437c574cd60c', 'c616ac40-3cfc-49e4-ba21-fc411a86e092');
INSERT INTO elements (id, attributes, ref_photo, ref_photos_folder, description, fk_parent_element, fk_element_type, fk_room) VALUES ('6e52653f-1bf6-417d-b4d9-a1f7e55e812f', '"Couleur"=>"Gris"', '0678af7c-4be2-4d3d-adfc-b4c55427d56a', 'e2185a27-2c3a-4e91-8db0-86c73bdec75c', 'Mur', NULL, '1af90b8d-a067-4459-be2d-437c574cd60c', 'c616ac40-3cfc-49e4-ba21-fc411a86e092');
INSERT INTO elements (id, attributes, ref_photo, ref_photos_folder, description, fk_parent_element, fk_element_type, fk_room) VALUES ('93719067-9938-4dcc-986e-51800fcdc9e4', '"Couleur"=>"Gris"', 'd307e03b-4250-4821-abd6-35422746ec13', '0c760586-c69c-4671-bfca-15e071840887', 'Mur', NULL, '1af90b8d-a067-4459-be2d-437c574cd60c', 'c616ac40-3cfc-49e4-ba21-fc411a86e092');
INSERT INTO elements (id, attributes, ref_photo, ref_photos_folder, description, fk_parent_element, fk_element_type, fk_room) VALUES ('9fddae86-3858-4656-bda0-792d81f4eb0d', '"Couleur"=>"Noir"', '3d347d1d-7bd2-4765-b8c5-6b32f19200c8', '430355d6-2ada-48ef-85e1-45220d3b6f7f', 'Sol', NULL, '3185d43c-df4e-4b31-b404-ba53ed42329a', 'c616ac40-3cfc-49e4-ba21-fc411a86e092');
INSERT INTO elements (id, attributes, ref_photo, ref_photos_folder, description, fk_parent_element, fk_element_type, fk_room) VALUES ('46628808-9fec-4c0d-9101-c371d71f600a', '"Couleur"=>"Blanc"', 'd2bec8d8-b25d-48e9-bf88-155a53e5d300', '163161fd-5b71-4501-8fd2-8555d27b49a5', 'Plafond', NULL, '3907aaf4-39d8-43e4-bfe2-aa507985f1ba', 'c616ac40-3cfc-49e4-ba21-fc411a86e092');
INSERT INTO elements (id, attributes, ref_photo, ref_photos_folder, description, fk_parent_element, fk_element_type, fk_room) VALUES ('f397f8ca-feb4-49a0-951f-4f41ddf995da', '"Couleur"=>"Gris"', '859ba86c-28e3-4584-b2df-a770c1ddc1b4', 'e03f911b-739f-4e7d-b611-27bd1a0f4806', 'Mur', NULL, '1af90b8d-a067-4459-be2d-437c574cd60c', 'ca001eaa-3fb3-4557-abed-faa49b39c7ad');
INSERT INTO elements (id, attributes, ref_photo, ref_photos_folder, description, fk_parent_element, fk_element_type, fk_room) VALUES ('1cdc8001-bb00-4328-b1d5-5af85345f412', '"Couleur"=>"Gris"', '191cfec9-b5d4-4931-9de3-d411cb2ee77f', 'a15dd702-0ee7-4480-9e05-327d8c230005', 'Mur', NULL, '1af90b8d-a067-4459-be2d-437c574cd60c', 'ca001eaa-3fb3-4557-abed-faa49b39c7ad');
INSERT INTO elements (id, attributes, ref_photo, ref_photos_folder, description, fk_parent_element, fk_element_type, fk_room) VALUES ('c8c06616-af72-4f4f-a1b2-1c0a151927df', '"Couleur"=>"Gris"', '34114c1a-b9e0-4364-b50f-95fb10152cb5', 'dd33c07f-b417-45cf-8116-3a4fcce9c934', 'Mur', NULL, '1af90b8d-a067-4459-be2d-437c574cd60c', 'ca001eaa-3fb3-4557-abed-faa49b39c7ad');
INSERT INTO elements (id, attributes, ref_photo, ref_photos_folder, description, fk_parent_element, fk_element_type, fk_room) VALUES ('2212dd78-ee41-4231-bf2f-fba8929dcfd6', '"Couleur"=>"Gris"', 'a349e808-32b9-4561-81ea-34992519a7e7', '1b7890b2-12a9-4240-848c-5eec0dd3a586', 'Mur', NULL, '1af90b8d-a067-4459-be2d-437c574cd60c', 'ca001eaa-3fb3-4557-abed-faa49b39c7ad');
INSERT INTO elements (id, attributes, ref_photo, ref_photos_folder, description, fk_parent_element, fk_element_type, fk_room) VALUES ('42be51f0-9406-4d87-b6e8-945771c7e24d', '"Couleur"=>"Noir"', '02a6e7da-de58-4f06-a40f-db4bcd538450', 'c0199f84-5f4a-437f-83ef-92437744acb6', 'Sol', NULL, '3185d43c-df4e-4b31-b404-ba53ed42329a', 'ca001eaa-3fb3-4557-abed-faa49b39c7ad');
INSERT INTO elements (id, attributes, ref_photo, ref_photos_folder, description, fk_parent_element, fk_element_type, fk_room) VALUES ('2ed0c330-f795-47ba-b04f-16856c4809f9', '"Couleur"=>"Blanc"', '29d616bb-99b8-49aa-8136-ee88463f5af7', '9a7319f6-7af6-4384-928d-4f19fba44e4c', 'Plafond', NULL, '3907aaf4-39d8-43e4-bfe2-aa507985f1ba', 'ca001eaa-3fb3-4557-abed-faa49b39c7ad');
INSERT INTO elements (id, attributes, ref_photo, ref_photos_folder, description, fk_parent_element, fk_element_type, fk_room) VALUES ('6d5f6036-01b1-42f0-b58c-1967c8fcb631', '"Couleur"=>"Gris"', '350de826-736c-4a58-813f-193021c1da90', 'a245dc24-9482-46d7-b867-a47c5cd6650b', 'Mur', NULL, '1af90b8d-a067-4459-be2d-437c574cd60c', 'fac798ad-b091-433d-bf24-a3bf36ef680e');
INSERT INTO elements (id, attributes, ref_photo, ref_photos_folder, description, fk_parent_element, fk_element_type, fk_room) VALUES ('36495a30-b22b-4419-ad85-0200e0aa9f90', '"Couleur"=>"Gris"', '7616e799-f559-47a4-9a38-a81e106977b5', '831ceee8-1b1d-41bc-8955-e854f13b5ac2', 'Mur', NULL, '1af90b8d-a067-4459-be2d-437c574cd60c', 'fac798ad-b091-433d-bf24-a3bf36ef680e');
INSERT INTO elements (id, attributes, ref_photo, ref_photos_folder, description, fk_parent_element, fk_element_type, fk_room) VALUES ('4621f669-a583-4529-b55c-1dd1576053bc', '"Couleur"=>"Gris"', 'cc0ffe7b-f29e-474f-a875-060d2c5589a2', '956dcccb-deff-4235-9a05-890364fcdbea', 'Mur', NULL, '1af90b8d-a067-4459-be2d-437c574cd60c', 'fac798ad-b091-433d-bf24-a3bf36ef680e');
INSERT INTO elements (id, attributes, ref_photo, ref_photos_folder, description, fk_parent_element, fk_element_type, fk_room) VALUES ('cab339d2-1632-4035-83b8-b980be6c7da9', '"Couleur"=>"Gris"', '37fccc28-7abd-4862-9619-87262957d646', 'e6bc8950-a5e7-4c77-80b3-faeda263720f', 'Mur', NULL, '1af90b8d-a067-4459-be2d-437c574cd60c', 'fac798ad-b091-433d-bf24-a3bf36ef680e');
INSERT INTO elements (id, attributes, ref_photo, ref_photos_folder, description, fk_parent_element, fk_element_type, fk_room) VALUES ('dcb2bb79-56c3-4d7a-955f-29bbc1762665', '"Couleur"=>"Noir"', '19e499b3-1d28-409e-a36e-a60137793869', '1fe4679c-be9e-46a4-be5a-a4de9b18e8b2', 'Sol', NULL, '3185d43c-df4e-4b31-b404-ba53ed42329a', 'fac798ad-b091-433d-bf24-a3bf36ef680e');
INSERT INTO elements (id, attributes, ref_photo, ref_photos_folder, description, fk_parent_element, fk_element_type, fk_room) VALUES ('955cd757-d46a-44ed-a3f2-e853464e90f0', '"Couleur"=>"Blanc"', 'b45ae6a9-1b25-4e02-8596-67918b19378a', '76bd08d6-3efb-464b-9d18-b00f7eb8180b', 'Plafond', NULL, '3907aaf4-39d8-43e4-bfe2-aa507985f1ba', 'fac798ad-b091-433d-bf24-a3bf36ef680e');
INSERT INTO elements (id, attributes, ref_photo, ref_photos_folder, description, fk_parent_element, fk_element_type, fk_room) VALUES ('c3e1a3b5-ad91-4f5d-9ea5-e85f8c7657cf', '"Couleur"=>"Gris"', 'fc957c18-2b28-4106-a856-6217a89143ce', 'fc813be7-7e69-4322-afe8-ab8cc63b3320', 'Mur', NULL, '1af90b8d-a067-4459-be2d-437c574cd60c', 'b07c007f-d969-4d6e-9833-eac3a6273b62');
INSERT INTO elements (id, attributes, ref_photo, ref_photos_folder, description, fk_parent_element, fk_element_type, fk_room) VALUES ('fc68ff98-08df-4876-8f69-3ad7adbc7c86', '"Couleur"=>"Gris"', '6f182d0a-0db0-4d6c-9567-69acd7235008', 'b67a5904-5540-4db2-bc6d-d8a640c3811f', 'Mur', NULL, '1af90b8d-a067-4459-be2d-437c574cd60c', 'b07c007f-d969-4d6e-9833-eac3a6273b62');
INSERT INTO elements (id, attributes, ref_photo, ref_photos_folder, description, fk_parent_element, fk_element_type, fk_room) VALUES ('6e8ba906-f4a2-4a11-9a44-23793f255139', '"Couleur"=>"Gris"', 'f91e1480-c563-4bc6-bbd4-ebba81762101', 'ced37291-571e-4378-a383-77d9636df237', 'Mur', NULL, '1af90b8d-a067-4459-be2d-437c574cd60c', 'b07c007f-d969-4d6e-9833-eac3a6273b62');
INSERT INTO elements (id, attributes, ref_photo, ref_photos_folder, description, fk_parent_element, fk_element_type, fk_room) VALUES ('4fd2d45d-a7fd-4e01-adcd-5fe4fa368387', '"Couleur"=>"Gris"', '300d61a6-0b85-4fd2-afbb-34dea547a5cc', 'debdb073-1874-44f2-ae82-56339b0adcb0', 'Mur', NULL, '1af90b8d-a067-4459-be2d-437c574cd60c', 'b07c007f-d969-4d6e-9833-eac3a6273b62');
INSERT INTO elements (id, attributes, ref_photo, ref_photos_folder, description, fk_parent_element, fk_element_type, fk_room) VALUES ('d8f16fc4-0f87-423e-8054-caf6bbc1ab72', '"Couleur"=>"Noir"', '385a7421-dd4c-4344-b66b-502ebf242c5a', 'f98b9039-2fc2-4813-a265-34bc765d8002', 'Sol', NULL, '3185d43c-df4e-4b31-b404-ba53ed42329a', 'b07c007f-d969-4d6e-9833-eac3a6273b62');
INSERT INTO elements (id, attributes, ref_photo, ref_photos_folder, description, fk_parent_element, fk_element_type, fk_room) VALUES ('c59260a4-da8f-4d0c-8469-12d1cad032bc', '"Couleur"=>"Blanc"', '0192f55c-6f71-41fe-b5e0-0c0696e3d024', 'aed8ff73-d987-4aa2-9075-a6467328566a', 'Plafond', NULL, '3907aaf4-39d8-43e4-bfe2-aa507985f1ba', 'b07c007f-d969-4d6e-9833-eac3a6273b62');
INSERT INTO elements (id, attributes, ref_photo, ref_photos_folder, description, fk_parent_element, fk_element_type, fk_room) VALUES ('cfd32ae6-b8cc-4718-bccb-5c29b48e2e54', '"Couleur"=>"Gris"', '26b56df6-194a-4014-a4f1-e1b3706e83d9', '277b60e8-5525-43c1-8567-2ec262e801de', 'Mur', NULL, '1af90b8d-a067-4459-be2d-437c574cd60c', '36bec8d3-a195-42b1-a666-da845a92cdf1');
INSERT INTO elements (id, attributes, ref_photo, ref_photos_folder, description, fk_parent_element, fk_element_type, fk_room) VALUES ('b088341f-4c86-4df0-8e09-3f1259776ea3', '"Couleur"=>"Gris"', 'd5cc38bd-e727-4ba9-ba95-a5adcbbd2272', 'd3b88bd0-72ac-4452-8d7d-af18d108f963', 'Mur', NULL, '1af90b8d-a067-4459-be2d-437c574cd60c', '36bec8d3-a195-42b1-a666-da845a92cdf1');
INSERT INTO elements (id, attributes, ref_photo, ref_photos_folder, description, fk_parent_element, fk_element_type, fk_room) VALUES ('3dee61f6-9864-4a45-b198-07ef759f49b7', '"Couleur"=>"Gris"', 'eec7c133-1394-4dc0-8265-1c27b737b0a2', '9f1719cf-74fb-4972-bfae-0f98db3e130d', 'Mur', NULL, '1af90b8d-a067-4459-be2d-437c574cd60c', '36bec8d3-a195-42b1-a666-da845a92cdf1');
INSERT INTO elements (id, attributes, ref_photo, ref_photos_folder, description, fk_parent_element, fk_element_type, fk_room) VALUES ('806c3588-2f30-4b05-acb1-2eab5294a94a', '"Couleur"=>"Gris"', '8eea38b5-a004-4cfc-9d04-d9757b932830', 'f5a02868-acfe-4dfb-8568-acf2d0e67af6', 'Mur', NULL, '1af90b8d-a067-4459-be2d-437c574cd60c', '36bec8d3-a195-42b1-a666-da845a92cdf1');
INSERT INTO elements (id, attributes, ref_photo, ref_photos_folder, description, fk_parent_element, fk_element_type, fk_room) VALUES ('e9224a66-d49c-4a3e-af71-df6e307ff613', '"Couleur"=>"Noir"', '7454deaa-1f68-43ef-b3b5-bc14a863d111', '53476199-dba6-48ef-a204-b7be46367c02', 'Sol', NULL, '3185d43c-df4e-4b31-b404-ba53ed42329a', '36bec8d3-a195-42b1-a666-da845a92cdf1');
INSERT INTO elements (id, attributes, ref_photo, ref_photos_folder, description, fk_parent_element, fk_element_type, fk_room) VALUES ('6e83f368-0bf9-4953-a59f-612838603c4b', '"Couleur"=>"Blanc"', '56f3eff1-cc66-4f99-b4c8-5a73718e02c5', '06b9389a-74ab-4631-bc38-7edf4ef372b3', 'Plafond', NULL, '3907aaf4-39d8-43e4-bfe2-aa507985f1ba', '36bec8d3-a195-42b1-a666-da845a92cdf1');
INSERT INTO elements (id, attributes, ref_photo, ref_photos_folder, description, fk_parent_element, fk_element_type, fk_room) VALUES ('12eeb795-7eea-4523-968f-56dc094475b7', '"Couleur"=>"Gris"', '7b55068d-362b-4a73-ba69-748c04801435', 'dc46e27e-e4f9-41cf-9b14-623dcb9e6409', 'Mur', NULL, '1af90b8d-a067-4459-be2d-437c574cd60c', '7e9a2a4e-9c7b-4647-aeb1-0cd1e5bd63ad');
INSERT INTO elements (id, attributes, ref_photo, ref_photos_folder, description, fk_parent_element, fk_element_type, fk_room) VALUES ('ee28d46f-49e2-43b6-bbd0-5b837940c510', '"Couleur"=>"Gris"', '0a4fdec8-7f86-4aa3-94ea-a0dced756eff', '58a5cf01-c727-4582-a3a1-d6be7bb7b109', 'Mur', NULL, '1af90b8d-a067-4459-be2d-437c574cd60c', '7e9a2a4e-9c7b-4647-aeb1-0cd1e5bd63ad');
INSERT INTO elements (id, attributes, ref_photo, ref_photos_folder, description, fk_parent_element, fk_element_type, fk_room) VALUES ('cf2d9fab-8262-4933-817c-6b49334df1ff', '"Couleur"=>"Gris"', '62019703-253f-4dd5-8532-59538ecc7e96', '9b4b1b33-cdb3-459f-bba9-9647e6cdad04', 'Mur', NULL, '1af90b8d-a067-4459-be2d-437c574cd60c', '7e9a2a4e-9c7b-4647-aeb1-0cd1e5bd63ad');
INSERT INTO elements (id, attributes, ref_photo, ref_photos_folder, description, fk_parent_element, fk_element_type, fk_room) VALUES ('c7b97b12-7e59-4a15-a1e7-9d7ae3ce968e', '"Couleur"=>"Gris"', 'f24e2ab1-f7b2-4339-af17-6a69e441c375', '8a1269e1-2a1f-477f-8152-381cfd13459c', 'Mur', NULL, '1af90b8d-a067-4459-be2d-437c574cd60c', '7e9a2a4e-9c7b-4647-aeb1-0cd1e5bd63ad');
INSERT INTO elements (id, attributes, ref_photo, ref_photos_folder, description, fk_parent_element, fk_element_type, fk_room) VALUES ('cc6ac018-04a5-48bc-8669-fae616f01521', '"Couleur"=>"Noir"', '47082de8-2423-41ea-a5fd-282c611677e5', 'e79cf8fd-446e-4c50-be0f-b68091e1efd9', 'Sol', NULL, '3185d43c-df4e-4b31-b404-ba53ed42329a', '7e9a2a4e-9c7b-4647-aeb1-0cd1e5bd63ad');
INSERT INTO elements (id, attributes, ref_photo, ref_photos_folder, description, fk_parent_element, fk_element_type, fk_room) VALUES ('abbac3b5-fe23-48ae-ad5f-b2f6fdc923a4', '"Couleur"=>"Blanc"', '5a1d9490-b851-4e71-a535-6f828271668e', 'd6d6ff58-b6b8-423c-a50d-065d8fe1bb3b', 'Plafond', NULL, '3907aaf4-39d8-43e4-bfe2-aa507985f1ba', '7e9a2a4e-9c7b-4647-aeb1-0cd1e5bd63ad');
INSERT INTO elements (id, attributes, ref_photo, ref_photos_folder, description, fk_parent_element, fk_element_type, fk_room) VALUES ('6bb878d0-308c-4b14-9960-c2dc6b62f08f', '"Couleur"=>"Gris"', '488ca5dc-cd8b-4301-bb8c-ac9d447085a4', '0e0cf277-19fc-463f-b749-360d976dedea', 'Mur', NULL, '1af90b8d-a067-4459-be2d-437c574cd60c', 'd5538175-8ea3-439f-a02b-980e81f86846');
INSERT INTO elements (id, attributes, ref_photo, ref_photos_folder, description, fk_parent_element, fk_element_type, fk_room) VALUES ('df3d5db9-3965-4220-ab72-ceab6dc5ff40', '"Couleur"=>"Gris"', '7c56a827-d931-46ba-a8d9-38c96d081d84', '5333d6bd-3346-435d-904e-38396d7c630c', 'Mur', NULL, '1af90b8d-a067-4459-be2d-437c574cd60c', 'd5538175-8ea3-439f-a02b-980e81f86846');
INSERT INTO elements (id, attributes, ref_photo, ref_photos_folder, description, fk_parent_element, fk_element_type, fk_room) VALUES ('7e0be015-9c62-4cee-ad5f-15541e14e504', '"Couleur"=>"Gris"', 'e05839a9-5381-42ea-b019-9e495e910639', '642ab219-80e3-41f2-aa7c-a53463b1fde2', 'Mur', NULL, '1af90b8d-a067-4459-be2d-437c574cd60c', 'd5538175-8ea3-439f-a02b-980e81f86846');
INSERT INTO elements (id, attributes, ref_photo, ref_photos_folder, description, fk_parent_element, fk_element_type, fk_room) VALUES ('6beed72b-afbd-467d-a48c-6cf9b56114ca', '"Couleur"=>"Gris"', 'a9d7fb46-275a-44a3-95f3-d732675aaaa3', '1cd3315f-1b88-4d78-b9bb-5ca8f711bbab', 'Mur', NULL, '1af90b8d-a067-4459-be2d-437c574cd60c', 'd5538175-8ea3-439f-a02b-980e81f86846');
INSERT INTO elements (id, attributes, ref_photo, ref_photos_folder, description, fk_parent_element, fk_element_type, fk_room) VALUES ('9a5faa35-7ad8-4673-ba69-6cc577ebe1d0', '"Couleur"=>"Noir"', 'c783ff19-85a8-45f7-825a-5fed8a470456', '9e28019f-f2b3-4ee7-b687-8eb59dc39013', 'Sol', NULL, '3185d43c-df4e-4b31-b404-ba53ed42329a', 'd5538175-8ea3-439f-a02b-980e81f86846');
INSERT INTO elements (id, attributes, ref_photo, ref_photos_folder, description, fk_parent_element, fk_element_type, fk_room) VALUES ('903d6d09-c99e-4ca8-b4ed-8db556b1c4db', '"Couleur"=>"Blanc"', '67d69d2b-1ae6-4247-b088-45fb763aa07b', 'e0ce0468-ef92-4766-a55f-ff9f740e3611', 'Plafond', NULL, '3907aaf4-39d8-43e4-bfe2-aa507985f1ba', 'd5538175-8ea3-439f-a02b-980e81f86846');
INSERT INTO elements (id, attributes, ref_photo, ref_photos_folder, description, fk_parent_element, fk_element_type, fk_room) VALUES ('499b09e0-1c3d-414e-a8cd-1ee748fefa2b', '"Couleur"=>"Gris"', '63a69162-4d50-4878-9948-4c8fe48a09c0', 'a91a2f27-740f-4beb-9730-679baba239da', 'Mur', NULL, '1af90b8d-a067-4459-be2d-437c574cd60c', 'e49afab7-e9af-4381-8168-5e6cfba3244a');
INSERT INTO elements (id, attributes, ref_photo, ref_photos_folder, description, fk_parent_element, fk_element_type, fk_room) VALUES ('a9954c1b-fe04-4d39-9114-63b4df1de677', '"Couleur"=>"Gris"', '4bcf2631-d31c-4a4e-aef8-2bb96f5b71ad', '39b22844-abac-4528-9ead-dc023ed6fda7', 'Mur', NULL, '1af90b8d-a067-4459-be2d-437c574cd60c', 'e49afab7-e9af-4381-8168-5e6cfba3244a');
INSERT INTO elements (id, attributes, ref_photo, ref_photos_folder, description, fk_parent_element, fk_element_type, fk_room) VALUES ('a376d351-83ac-44e7-8179-a861e766ff2e', '"Couleur"=>"Gris"', '30b62dc7-73bf-46f2-83eb-4b47f88a621c', '63ebfb7f-0427-42d5-806f-dd8c6d02a449', 'Mur', NULL, '1af90b8d-a067-4459-be2d-437c574cd60c', 'e49afab7-e9af-4381-8168-5e6cfba3244a');
INSERT INTO elements (id, attributes, ref_photo, ref_photos_folder, description, fk_parent_element, fk_element_type, fk_room) VALUES ('8b46b78e-95e4-4dca-a843-eb3cbe48f802', '"Couleur"=>"Gris"', '9efbae84-6acb-4c49-b938-c6c701051afd', '2dbdb760-8f37-4b57-b6d7-9fb9a6df0880', 'Mur', NULL, '1af90b8d-a067-4459-be2d-437c574cd60c', 'e49afab7-e9af-4381-8168-5e6cfba3244a');
INSERT INTO elements (id, attributes, ref_photo, ref_photos_folder, description, fk_parent_element, fk_element_type, fk_room) VALUES ('eb6449b2-fa9c-44b6-b6d1-d21e30e78e38', '"Couleur"=>"Noir"', '9e8c8b71-3b40-4c72-b869-5e3eef03b90d', 'e41d63f2-8e9b-4f5f-b97b-16d867808000', 'Sol', NULL, '3185d43c-df4e-4b31-b404-ba53ed42329a', 'e49afab7-e9af-4381-8168-5e6cfba3244a');
INSERT INTO elements (id, attributes, ref_photo, ref_photos_folder, description, fk_parent_element, fk_element_type, fk_room) VALUES ('c688653b-0c55-4f47-aa35-f955d51d504c', '"Couleur"=>"Blanc"', 'fe304300-152c-4157-890d-febaa5c0e35d', '69e5df57-b0e9-4326-be48-673ba0a429cc', 'Plafond', NULL, '3907aaf4-39d8-43e4-bfe2-aa507985f1ba', 'e49afab7-e9af-4381-8168-5e6cfba3244a');
INSERT INTO elements (id, attributes, ref_photo, ref_photos_folder, description, fk_parent_element, fk_element_type, fk_room) VALUES ('f163a83a-202f-4192-9b0b-c02be956d165', '"Couleur"=>"Gris"', '1191ad98-fe23-42aa-bbca-bec8e3e640ba', '964b19cf-418e-40ed-b6aa-b41db9d45507', 'Mur', NULL, '1af90b8d-a067-4459-be2d-437c574cd60c', '128aa624-cc4e-4ae9-bfa8-6353053232ec');
INSERT INTO elements (id, attributes, ref_photo, ref_photos_folder, description, fk_parent_element, fk_element_type, fk_room) VALUES ('1f5db826-766c-4bdd-9002-5a0b7b64d45f', '"Couleur"=>"Gris"', '76334f04-5845-461e-9e73-7d9c18989e87', '0bb79b51-c83f-4760-86dd-37e4be177285', 'Mur', NULL, '1af90b8d-a067-4459-be2d-437c574cd60c', '128aa624-cc4e-4ae9-bfa8-6353053232ec');
INSERT INTO elements (id, attributes, ref_photo, ref_photos_folder, description, fk_parent_element, fk_element_type, fk_room) VALUES ('8e8cb335-739d-4ed8-8b8a-2213318cbff7', '"Couleur"=>"Gris"', 'bc65eeda-8394-4fa6-84e3-7186e7db6a0d', '823641ae-40a1-47ba-a6f3-e7040bdc2ff3', 'Mur', NULL, '1af90b8d-a067-4459-be2d-437c574cd60c', '128aa624-cc4e-4ae9-bfa8-6353053232ec');
INSERT INTO elements (id, attributes, ref_photo, ref_photos_folder, description, fk_parent_element, fk_element_type, fk_room) VALUES ('5544d737-6179-4afb-8d59-62d69bd7ee15', '"Couleur"=>"Gris"', '56fb85eb-6992-464f-ba91-d532fcb6ff4b', '69d55ae5-1b0f-4c21-ac5a-deab819f5fc2', 'Mur', NULL, '1af90b8d-a067-4459-be2d-437c574cd60c', '128aa624-cc4e-4ae9-bfa8-6353053232ec');
INSERT INTO elements (id, attributes, ref_photo, ref_photos_folder, description, fk_parent_element, fk_element_type, fk_room) VALUES ('ca6ae394-62a6-40d5-b473-2abe2fa9d7e2', '"Couleur"=>"Noir"', '60ffc082-fdb2-4b52-a6a6-e55b1589926d', '41490fef-14c5-4a37-b820-5454e5170665', 'Sol', NULL, '3185d43c-df4e-4b31-b404-ba53ed42329a', '128aa624-cc4e-4ae9-bfa8-6353053232ec');
INSERT INTO elements (id, attributes, ref_photo, ref_photos_folder, description, fk_parent_element, fk_element_type, fk_room) VALUES ('1cf69548-04dd-470c-9bd9-3e44dd7cd22b', '"Couleur"=>"Blanc"', 'cf8765b1-6a48-4700-83fb-390991fae798', '596bf57c-0c60-4c45-8eef-397a004b5a72', 'Plafond', NULL, '3907aaf4-39d8-43e4-bfe2-aa507985f1ba', '128aa624-cc4e-4ae9-bfa8-6353053232ec');
INSERT INTO elements (id, attributes, ref_photo, ref_photos_folder, description, fk_parent_element, fk_element_type, fk_room) VALUES ('505fe71c-7ba0-46ce-809e-e5ec40148432', '"Couleur"=>"Noir", "Matériau"=>"Bois"', 'fdb08dc9-0cfe-46ba-8599-eed744141c3a', '77d3b283-9c50-4b81-be05-c999266ae89a', 'Chaise', NULL, 'f9092810-64c6-4c6c-877f-48a3f0a91af5', 'cb60ab50-031c-4e99-9092-ba1e1ec028c9');
INSERT INTO elements (id, attributes, ref_photo, ref_photos_folder, description, fk_parent_element, fk_element_type, fk_room) VALUES ('5729cb99-f454-476f-87ab-2d76e2dfe500', '"Couleur"=>"Marron", "Matériau"=>"Bois"', 'f2f10a9c-aa27-45f0-b154-f3902aa7911c', '4bd6ff32-995e-4b33-8f75-cdd2ca0bf477', 'Table', NULL, 'a1bb7083-9ec1-48a7-a498-2ec616465dd6', 'cb60ab50-031c-4e99-9092-ba1e1ec028c9');
INSERT INTO elements (id, attributes, ref_photo, ref_photos_folder, description, fk_parent_element, fk_element_type, fk_room) VALUES ('7e6f57e3-5ff6-400d-a297-a2727495f824', '"Couleur"=>"Noir", "Matériau"=>"Bois"', 'b3953ef9-1ab3-40c7-a523-06f7ff8cd620', '44da57a9-23fb-4903-a960-ef0e4fb3d038', 'Chaise', NULL, 'f9092810-64c6-4c6c-877f-48a3f0a91af5', 'e0ef39a2-9186-45d7-b55a-6ae75ae576cb');
INSERT INTO elements (id, attributes, ref_photo, ref_photos_folder, description, fk_parent_element, fk_element_type, fk_room) VALUES ('90886fbf-f627-450e-bd7a-5f05c13525d5', '"Couleur"=>"Marron", "Matériau"=>"Bois"', '0062e9f3-d6ad-4ee2-86be-e3876096c960', 'd952cca8-94d8-4181-bb5d-820646d52a5a', 'Table', NULL, 'a1bb7083-9ec1-48a7-a498-2ec616465dd6', 'e0ef39a2-9186-45d7-b55a-6ae75ae576cb');
INSERT INTO elements (id, attributes, ref_photo, ref_photos_folder, description, fk_parent_element, fk_element_type, fk_room) VALUES ('86487eb5-39b2-438a-9bc3-e0c9a6988ad8', '"Couleur"=>"Noir", "Matériau"=>"Bois"', '701c0be3-b0e7-474f-bf84-dc5ba111b50d', 'ab06fe06-d5c5-4c7a-922e-fd65190a7796', 'Chaise', NULL, 'f9092810-64c6-4c6c-877f-48a3f0a91af5', 'fb8e8958-88a3-4d18-9977-a0e838b66066');
INSERT INTO elements (id, attributes, ref_photo, ref_photos_folder, description, fk_parent_element, fk_element_type, fk_room) VALUES ('89b6a24f-f60b-44a6-a689-884926ae1f9c', '"Couleur"=>"Marron", "Matériau"=>"Bois"', '5b49d18e-6851-4f3b-a574-6a949587b6a4', '627df8cd-5844-433f-b07a-2850e8d3bd97', 'Table', NULL, 'a1bb7083-9ec1-48a7-a498-2ec616465dd6', 'fb8e8958-88a3-4d18-9977-a0e838b66066');
INSERT INTO elements (id, attributes, ref_photo, ref_photos_folder, description, fk_parent_element, fk_element_type, fk_room) VALUES ('fd417e1d-9c10-4e64-a4cc-aafd21910f6e', '"Couleur"=>"Noir", "Matériau"=>"Bois"', '4196ebfb-e473-40b8-8083-467c3d86337f', '2cb9df91-0b54-4362-8331-773bd2eee1c8', 'Chaise', NULL, 'f9092810-64c6-4c6c-877f-48a3f0a91af5', '26b0ab41-dce4-4959-a26e-4c47e66c892c');
INSERT INTO elements (id, attributes, ref_photo, ref_photos_folder, description, fk_parent_element, fk_element_type, fk_room) VALUES ('009de0b8-5c8b-4b54-a8e0-e4e15ce99e3d', '"Couleur"=>"Marron", "Matériau"=>"Bois"', '01f79dc0-e49c-4dd6-a40b-86aa89813ed9', 'a4ba7a2a-99d7-4561-b1fb-2fbfbc2fcb12', 'Table', NULL, 'a1bb7083-9ec1-48a7-a498-2ec616465dd6', '26b0ab41-dce4-4959-a26e-4c47e66c892c');
INSERT INTO elements (id, attributes, ref_photo, ref_photos_folder, description, fk_parent_element, fk_element_type, fk_room) VALUES ('0b3cf521-c343-40da-bdef-8c1bd63f8c47', '"Couleur"=>"Noir", "Matériau"=>"Bois"', 'ea831752-6ee5-4d95-be0b-8abf90cd9319', '42daa94d-9dbc-448c-bf0a-c49b58fbea08', 'Chaise', NULL, 'f9092810-64c6-4c6c-877f-48a3f0a91af5', 'bd76c268-361b-459d-9165-6921d52d0380');
INSERT INTO elements (id, attributes, ref_photo, ref_photos_folder, description, fk_parent_element, fk_element_type, fk_room) VALUES ('4758508a-5e73-4d0e-9eac-f4256e4a47e4', '"Couleur"=>"Marron", "Matériau"=>"Bois"', '1de6c251-c732-4d6b-b4bf-990c17de769c', 'cc2d3a95-be3c-4cac-aaa3-745f19f19e48', 'Table', NULL, 'a1bb7083-9ec1-48a7-a498-2ec616465dd6', 'bd76c268-361b-459d-9165-6921d52d0380');
INSERT INTO elements (id, attributes, ref_photo, ref_photos_folder, description, fk_parent_element, fk_element_type, fk_room) VALUES ('544bad18-74e5-4181-8075-175adaed258c', '"Couleur"=>"Noir", "Matériau"=>"Bois"', 'd3e98407-8968-4b03-831b-2beacf4f534a', '2cb05ca0-5c33-46c7-987f-18b0400cd344', 'Chaise', NULL, 'f9092810-64c6-4c6c-877f-48a3f0a91af5', 'ba0fb309-b2fc-4d8d-8ef1-a2755750d4db');
INSERT INTO elements (id, attributes, ref_photo, ref_photos_folder, description, fk_parent_element, fk_element_type, fk_room) VALUES ('5d6b8b4b-1a00-4221-9010-99dd3c430802', '"Couleur"=>"Marron", "Matériau"=>"Bois"', '1cf3b447-cfa5-45fd-b3ee-93ed9e401acd', '2eb6d508-7a0c-49ab-9338-f5f907607e86', 'Table', NULL, 'a1bb7083-9ec1-48a7-a498-2ec616465dd6', 'ba0fb309-b2fc-4d8d-8ef1-a2755750d4db');
INSERT INTO elements (id, attributes, ref_photo, ref_photos_folder, description, fk_parent_element, fk_element_type, fk_room) VALUES ('8fbfcc0c-877c-4c1a-8f05-48f4e309f24b', '"Couleur"=>"Noir", "Matériau"=>"Bois"', '12db6fd3-36a1-4a53-81b1-765d4aa073a1', '94a245d5-ee23-4e1c-838c-7f96d1203d5c', 'Chaise', NULL, 'f9092810-64c6-4c6c-877f-48a3f0a91af5', 'b78f6a54-9995-4dee-a2b3-cdceb896f743');
INSERT INTO elements (id, attributes, ref_photo, ref_photos_folder, description, fk_parent_element, fk_element_type, fk_room) VALUES ('86641362-934c-4fcc-b33a-0b5098daeba3', '"Couleur"=>"Marron", "Matériau"=>"Bois"', '65d24dfa-bf60-456d-ab7b-7d6e9570cf6b', 'fe9bd70a-2071-4417-bef1-0c7537ddd91c', 'Table', NULL, 'a1bb7083-9ec1-48a7-a498-2ec616465dd6', 'b78f6a54-9995-4dee-a2b3-cdceb896f743');
INSERT INTO elements (id, attributes, ref_photo, ref_photos_folder, description, fk_parent_element, fk_element_type, fk_room) VALUES ('7d028ba0-acbe-43b9-9d2b-d734947ee468', '"Couleur"=>"Noir", "Matériau"=>"Bois"', '2374a725-5487-490e-ba9b-8c7b7197c26e', '4dd219cf-34c8-42d0-b22f-94110555b7af', 'Chaise', NULL, 'f9092810-64c6-4c6c-877f-48a3f0a91af5', '799c5b87-7ae1-4f2c-9c6c-ce69c45cc5ff');
INSERT INTO elements (id, attributes, ref_photo, ref_photos_folder, description, fk_parent_element, fk_element_type, fk_room) VALUES ('9a765e03-bd45-476b-a9d0-8449e6706561', '"Couleur"=>"Marron", "Matériau"=>"Bois"', '66aa3381-4f31-49d3-98f8-f8113e107fa2', '4fbcbc94-a3a9-4178-81f1-dd5dbb31bdab', 'Table', NULL, 'a1bb7083-9ec1-48a7-a498-2ec616465dd6', '799c5b87-7ae1-4f2c-9c6c-ce69c45cc5ff');
INSERT INTO elements (id, attributes, ref_photo, ref_photos_folder, description, fk_parent_element, fk_element_type, fk_room) VALUES ('1df77255-88fc-4e2d-a5a1-4d7790a63225', '"Couleur"=>"Noir", "Matériau"=>"Bois"', '8b94f9e3-70aa-4a6e-826b-468f6567427a', 'edb904dd-e805-48c1-99e4-3636a6c3f393', 'Chaise', NULL, 'f9092810-64c6-4c6c-877f-48a3f0a91af5', 'daa44156-eaf7-42f1-9987-00d62c404d6a');
INSERT INTO elements (id, attributes, ref_photo, ref_photos_folder, description, fk_parent_element, fk_element_type, fk_room) VALUES ('7475a6f0-6311-4c80-b9cd-ce064f344137', '"Couleur"=>"Marron", "Matériau"=>"Bois"', 'c728abc2-f39d-41e9-8b99-a58313735677', '62b8dba0-8a59-4e00-a942-d28958a95bbf', 'Table', NULL, 'a1bb7083-9ec1-48a7-a498-2ec616465dd6', 'daa44156-eaf7-42f1-9987-00d62c404d6a');
INSERT INTO elements (id, attributes, ref_photo, ref_photos_folder, description, fk_parent_element, fk_element_type, fk_room) VALUES ('7c65b9aa-8899-4147-9ea9-bfa71ce91b15', '"Couleur"=>"Noir", "Matériau"=>"Bois"', '215dfaab-d82c-47c1-bace-73f618699de4', '415b37da-3880-4571-8a3b-3baa315a7eee', 'Chaise', NULL, 'f9092810-64c6-4c6c-877f-48a3f0a91af5', '3546a42a-8598-41ea-9690-a14a79d81a65');
INSERT INTO elements (id, attributes, ref_photo, ref_photos_folder, description, fk_parent_element, fk_element_type, fk_room) VALUES ('a7fd37cc-bf3b-468d-9772-54449f1d0d0b', '"Couleur"=>"Marron", "Matériau"=>"Bois"', '9ebcc58e-9eb4-4afd-ab57-eb2981aa572a', '8cde3e7b-6c39-4dbd-b212-5bd78dc8bedb', 'Table', NULL, 'a1bb7083-9ec1-48a7-a498-2ec616465dd6', '3546a42a-8598-41ea-9690-a14a79d81a65');
INSERT INTO elements (id, attributes, ref_photo, ref_photos_folder, description, fk_parent_element, fk_element_type, fk_room) VALUES ('b0b6c3a1-71cf-4ddf-ac63-3d8bdf919d50', '"Couleur"=>"Noir", "Matériau"=>"Bois"', '5683af09-0301-4f4e-b962-40beadad1e32', '0becbdd5-7564-49cb-a9ef-e1705f1ffa59', 'Chaise', NULL, 'f9092810-64c6-4c6c-877f-48a3f0a91af5', '412a29a0-ab0f-4043-92bc-5cdacf911e76');
INSERT INTO elements (id, attributes, ref_photo, ref_photos_folder, description, fk_parent_element, fk_element_type, fk_room) VALUES ('f2d2b6ff-15c7-4edf-a8df-c209f6b5880a', '"Couleur"=>"Marron", "Matériau"=>"Bois"', '7039e184-3719-4419-8dd0-effffa44a59a', '166bf6de-6189-48ff-b048-1055b59174a0', 'Table', NULL, 'a1bb7083-9ec1-48a7-a498-2ec616465dd6', '412a29a0-ab0f-4043-92bc-5cdacf911e76');
INSERT INTO elements (id, attributes, ref_photo, ref_photos_folder, description, fk_parent_element, fk_element_type, fk_room) VALUES ('01f7f225-67a6-422e-b951-480c51e634b8', '"Couleur"=>"Noir", "Matériau"=>"Bois"', 'cdaf255d-7429-4aac-8ed0-8635a6ee394a', '5cac20bd-acfc-4af6-840c-4c9315c996ef', 'Chaise', NULL, 'f9092810-64c6-4c6c-877f-48a3f0a91af5', '5e064c36-a329-47e5-a823-e5594371c470');
INSERT INTO elements (id, attributes, ref_photo, ref_photos_folder, description, fk_parent_element, fk_element_type, fk_room) VALUES ('796801f1-7d55-411f-bfb4-17a695369e3e', '"Couleur"=>"Marron", "Matériau"=>"Bois"', 'dc8b7459-799e-4544-8c6e-29e11a97a626', 'e0197bfe-5523-4544-984a-a558d8e44e34', 'Table', NULL, 'a1bb7083-9ec1-48a7-a498-2ec616465dd6', '5e064c36-a329-47e5-a823-e5594371c470');
INSERT INTO elements (id, attributes, ref_photo, ref_photos_folder, description, fk_parent_element, fk_element_type, fk_room) VALUES ('195a5a99-e60f-4aed-b0a0-12bda142b400', '"Couleur"=>"Noir", "Matériau"=>"Bois"', '61677b28-3d8a-4568-9104-ec2737ee9bac', 'f6da180d-17bb-4e51-8d76-88f4fdc7d008', 'Chaise', NULL, 'f9092810-64c6-4c6c-877f-48a3f0a91af5', '692a2cf0-1129-43af-a738-441b5229f73f');
INSERT INTO elements (id, attributes, ref_photo, ref_photos_folder, description, fk_parent_element, fk_element_type, fk_room) VALUES ('d9adde0e-5bc9-49f4-b1da-fc02942fce3b', '"Couleur"=>"Marron", "Matériau"=>"Bois"', 'a70cc79f-240b-4631-b6fa-39f9985cce1d', '9067aaab-a66f-4b25-bf7a-9e4e8b90468f', 'Table', NULL, 'a1bb7083-9ec1-48a7-a498-2ec616465dd6', '692a2cf0-1129-43af-a738-441b5229f73f');
INSERT INTO elements (id, attributes, ref_photo, ref_photos_folder, description, fk_parent_element, fk_element_type, fk_room) VALUES ('d013bdab-fbc4-4b9b-ad57-e2dd0639b445', '"Couleur"=>"Noir", "Matériau"=>"Bois"', '3338b07b-da6b-4d6d-8186-544b9f109667', '39279467-a27c-4320-9ff9-09296631442f', 'Chaise', NULL, 'f9092810-64c6-4c6c-877f-48a3f0a91af5', '6f53edc6-65f0-4dfa-985f-767a98ee2c23');
INSERT INTO elements (id, attributes, ref_photo, ref_photos_folder, description, fk_parent_element, fk_element_type, fk_room) VALUES ('6455c98b-09d0-442e-b3a1-160467e1608a', '"Couleur"=>"Marron", "Matériau"=>"Bois"', '88148825-344c-4cae-91fa-5e0b74e90b37', 'b48822b4-3fad-4a3d-ab73-44695a87fc34', 'Table', NULL, 'a1bb7083-9ec1-48a7-a498-2ec616465dd6', '6f53edc6-65f0-4dfa-985f-767a98ee2c23');
INSERT INTO elements (id, attributes, ref_photo, ref_photos_folder, description, fk_parent_element, fk_element_type, fk_room) VALUES ('3a667e18-f090-49f2-95dd-764c8007dff5', '"Couleur"=>"Noir", "Matériau"=>"Bois"', '76507cb2-cfdd-4b68-96a3-0c54e4487c1f', '85b026eb-6264-47b9-a95a-b7dc3b476171', 'Chaise', NULL, 'f9092810-64c6-4c6c-877f-48a3f0a91af5', '2bfd91f1-3da5-46d3-8e3a-b552513f0479');
INSERT INTO elements (id, attributes, ref_photo, ref_photos_folder, description, fk_parent_element, fk_element_type, fk_room) VALUES ('46d7db94-4a38-4b34-96fb-efedab3051f9', '"Couleur"=>"Marron", "Matériau"=>"Bois"', 'b67d53c6-bb6d-46fd-b851-779abd40e761', '715f6baa-46c0-4161-ac62-b83d3f7ee83f', 'Table', NULL, 'a1bb7083-9ec1-48a7-a498-2ec616465dd6', '2bfd91f1-3da5-46d3-8e3a-b552513f0479');
INSERT INTO elements (id, attributes, ref_photo, ref_photos_folder, description, fk_parent_element, fk_element_type, fk_room) VALUES ('0d564dc2-531e-4f2d-9081-2f64d89abd9a', '"Couleur"=>"Noir", "Matériau"=>"Bois"', '704a0d76-c7dd-4674-bc8a-d5008d8edc2b', 'a81d8843-4fdc-4dad-9ea4-a606fd1aaa01', 'Chaise', NULL, 'f9092810-64c6-4c6c-877f-48a3f0a91af5', '1fa8b23e-aa7f-4e42-990b-5487186b7d5d');
INSERT INTO elements (id, attributes, ref_photo, ref_photos_folder, description, fk_parent_element, fk_element_type, fk_room) VALUES ('eea5427a-0d35-404e-8354-da16d6a9f66b', '"Couleur"=>"Marron", "Matériau"=>"Bois"', '3708e76a-7c5a-4ae2-a1af-26ffe29f9f23', '4a862f90-852d-41e0-a4fe-f5e6be1ba0b8', 'Table', NULL, 'a1bb7083-9ec1-48a7-a498-2ec616465dd6', '1fa8b23e-aa7f-4e42-990b-5487186b7d5d');
INSERT INTO elements (id, attributes, ref_photo, ref_photos_folder, description, fk_parent_element, fk_element_type, fk_room) VALUES ('2b616e1f-15a2-4e4f-b39b-2cb1ff746009', '"Couleur"=>"Noir", "Matériau"=>"Bois"', '99fc1c98-052a-4e80-8868-71553ac998fe', 'a423f587-d699-43a5-95d6-eaf038762cc8', 'Chaise', NULL, 'f9092810-64c6-4c6c-877f-48a3f0a91af5', 'f23ff1a1-bc24-484d-b425-43943ca05fd6');
INSERT INTO elements (id, attributes, ref_photo, ref_photos_folder, description, fk_parent_element, fk_element_type, fk_room) VALUES ('49ac1741-0bf0-4c80-9c0c-8d019bd9de93', '"Couleur"=>"Marron", "Matériau"=>"Bois"', 'fe16cf0c-c168-43b2-ba08-be17cdad0cb7', '00e37735-fa71-41b7-9dae-b703229d8ff9', 'Table', NULL, 'a1bb7083-9ec1-48a7-a498-2ec616465dd6', 'f23ff1a1-bc24-484d-b425-43943ca05fd6');
INSERT INTO elements (id, attributes, ref_photo, ref_photos_folder, description, fk_parent_element, fk_element_type, fk_room) VALUES ('c85c880b-ccc7-4386-bbf7-14eb913d62e7', '"Couleur"=>"Noir", "Matériau"=>"Bois"', 'c784351f-0a14-4a85-b43e-08245617e257', '94a49d3b-a709-4922-9789-30666cb50429', 'Chaise', NULL, 'f9092810-64c6-4c6c-877f-48a3f0a91af5', 'fc1f925f-4533-4162-953c-c2663bb4cc34');
INSERT INTO elements (id, attributes, ref_photo, ref_photos_folder, description, fk_parent_element, fk_element_type, fk_room) VALUES ('f851b41b-4814-4b27-94fb-9cffb556f6c0', '"Couleur"=>"Marron", "Matériau"=>"Bois"', '10e79281-7e01-42b3-9f77-fca8bc0199b2', 'c0b30330-055d-4ff6-9f55-ffc82e04fb34', 'Table', NULL, 'a1bb7083-9ec1-48a7-a498-2ec616465dd6', 'fc1f925f-4533-4162-953c-c2663bb4cc34');
INSERT INTO elements (id, attributes, ref_photo, ref_photos_folder, description, fk_parent_element, fk_element_type, fk_room) VALUES ('f299e91f-0627-4620-9224-f4f3c6ae8b58', '"Couleur"=>"Noir", "Matériau"=>"Bois"', '6ff40abc-d4a9-45b2-8fac-2b0c5236c2be', '842d6099-1cd0-4561-868e-ce04bd177f0e', 'Chaise', NULL, 'f9092810-64c6-4c6c-877f-48a3f0a91af5', '6cfd2970-d082-405d-8612-c960e425d5e7');
INSERT INTO elements (id, attributes, ref_photo, ref_photos_folder, description, fk_parent_element, fk_element_type, fk_room) VALUES ('039164c3-a404-48c1-8d26-23abf6c53d66', '"Couleur"=>"Marron", "Matériau"=>"Bois"', '6dc95824-8364-47f9-b9f9-75b9bae0a70c', '3eeb43fe-73a9-448d-b974-520ac70c4d7e', 'Table', NULL, 'a1bb7083-9ec1-48a7-a498-2ec616465dd6', '6cfd2970-d082-405d-8612-c960e425d5e7');
INSERT INTO elements (id, attributes, ref_photo, ref_photos_folder, description, fk_parent_element, fk_element_type, fk_room) VALUES ('006aea98-37cb-4f0d-bf65-3556aa8a57f6', '"Couleur"=>"Noir", "Matériau"=>"Bois"', '0707cc06-3111-4241-ad91-d201359bfcb2', '20aa452d-4b4b-49bc-976a-9903c6dc6881', 'Chaise', NULL, 'f9092810-64c6-4c6c-877f-48a3f0a91af5', '743c5bad-01da-4838-853b-19413eff0c16');
INSERT INTO elements (id, attributes, ref_photo, ref_photos_folder, description, fk_parent_element, fk_element_type, fk_room) VALUES ('c8df2df5-6aa6-49ba-b690-68119c5f0196', '"Couleur"=>"Marron", "Matériau"=>"Bois"', '617fdd6a-a7b0-4d4c-8580-94b50302406c', 'f76d9a61-f3e8-4581-ba30-c7f2010375e9', 'Table', NULL, 'a1bb7083-9ec1-48a7-a498-2ec616465dd6', '743c5bad-01da-4838-853b-19413eff0c16');
INSERT INTO elements (id, attributes, ref_photo, ref_photos_folder, description, fk_parent_element, fk_element_type, fk_room) VALUES ('e07ae81d-8c5a-4355-adc0-7e4b3caf217a', '"Couleur"=>"Noir", "Matériau"=>"Bois"', '89b4289b-d506-46c8-9517-442fb4a08c93', '895c05af-126c-4ca4-ab00-728505606a4d', 'Chaise', NULL, 'f9092810-64c6-4c6c-877f-48a3f0a91af5', '63f2fe5c-c896-4ed4-a14e-0926e1e2a415');
INSERT INTO elements (id, attributes, ref_photo, ref_photos_folder, description, fk_parent_element, fk_element_type, fk_room) VALUES ('7ea3ece0-23ba-4d9c-b8bb-4b25b0c5e5c6', '"Couleur"=>"Marron", "Matériau"=>"Bois"', 'c6941533-32d2-49a1-ae38-3e951da1716c', '01ab117f-f44a-441b-aaf9-4ff263414fa0', 'Table', NULL, 'a1bb7083-9ec1-48a7-a498-2ec616465dd6', '63f2fe5c-c896-4ed4-a14e-0926e1e2a415');
INSERT INTO elements (id, attributes, ref_photo, ref_photos_folder, description, fk_parent_element, fk_element_type, fk_room) VALUES ('1e55fd34-124b-45d9-9434-38479cb9d2c5', '"Couleur"=>"Noir", "Matériau"=>"Bois"', '62cc3904-721e-4d82-b103-0534c186482f', 'e29b2bff-95da-4728-9250-94f526a65640', 'Chaise', NULL, 'f9092810-64c6-4c6c-877f-48a3f0a91af5', 'ebf4bce8-631c-4b26-bde3-b3bbf8bfe561');
INSERT INTO elements (id, attributes, ref_photo, ref_photos_folder, description, fk_parent_element, fk_element_type, fk_room) VALUES ('df126b8f-6530-40f0-8d6a-ed6ee88476c8', '"Couleur"=>"Marron", "Matériau"=>"Bois"', '880f7b3e-21ea-4c67-9685-b9a95b4462fe', '9c33d16e-10ad-42f5-8240-7ce445e3d32c', 'Table', NULL, 'a1bb7083-9ec1-48a7-a498-2ec616465dd6', 'ebf4bce8-631c-4b26-bde3-b3bbf8bfe561');
INSERT INTO elements (id, attributes, ref_photo, ref_photos_folder, description, fk_parent_element, fk_element_type, fk_room) VALUES ('a97dae00-37dc-4e85-87dd-0b104486b2a5', '"Couleur"=>"Noir", "Matériau"=>"Bois"', 'd4157809-4ac5-4f05-a33b-cc4c5e4312e0', '41c073ba-8176-4101-a7ed-c51d1cc94d46', 'Chaise', NULL, 'f9092810-64c6-4c6c-877f-48a3f0a91af5', '0a9dc868-28ce-493f-a9e6-9b93ce137477');
INSERT INTO elements (id, attributes, ref_photo, ref_photos_folder, description, fk_parent_element, fk_element_type, fk_room) VALUES ('2db17b42-05e1-47ee-84bd-337afff55db1', '"Couleur"=>"Marron", "Matériau"=>"Bois"', 'f551523f-8f04-45c1-99a3-04868ebbd300', '05e61fe2-3299-4c5e-9290-fced927a6468', 'Table', NULL, 'a1bb7083-9ec1-48a7-a498-2ec616465dd6', '0a9dc868-28ce-493f-a9e6-9b93ce137477');
INSERT INTO elements (id, attributes, ref_photo, ref_photos_folder, description, fk_parent_element, fk_element_type, fk_room) VALUES ('6375efb8-8e25-4a67-ae62-c2b8a60f5786', '"Couleur"=>"Noir", "Matériau"=>"Bois"', '48183276-1d25-4ded-9c1d-2185a919b396', '02b7c8ab-6e83-46bf-a786-37e04cb2666c', 'Chaise', NULL, 'f9092810-64c6-4c6c-877f-48a3f0a91af5', '1fe20f28-646e-4248-bc8f-3af1be1afeb8');
INSERT INTO elements (id, attributes, ref_photo, ref_photos_folder, description, fk_parent_element, fk_element_type, fk_room) VALUES ('195a2fe1-6d1a-4e0a-a994-92aa5765994e', '"Couleur"=>"Marron", "Matériau"=>"Bois"', '66929712-cf13-4152-bb0c-7119384586d4', '7a4750c1-3f70-45ea-92b1-f868fa7e600b', 'Table', NULL, 'a1bb7083-9ec1-48a7-a498-2ec616465dd6', '1fe20f28-646e-4248-bc8f-3af1be1afeb8');
INSERT INTO elements (id, attributes, ref_photo, ref_photos_folder, description, fk_parent_element, fk_element_type, fk_room) VALUES ('e196e4f6-de47-4d84-b3f1-c0d8b53fdf78', '"Couleur"=>"Noir", "Matériau"=>"Bois"', '74c79497-39d1-4b3a-b4c5-ff04467f28c8', 'e548751a-f440-450f-9ef0-caaa500d9bb6', 'Chaise', NULL, 'f9092810-64c6-4c6c-877f-48a3f0a91af5', '51da0ed6-d5be-4b4b-bcdc-d97d563ec22d');
INSERT INTO elements (id, attributes, ref_photo, ref_photos_folder, description, fk_parent_element, fk_element_type, fk_room) VALUES ('a712d368-1ad3-4160-8651-fab16983ab0d', '"Couleur"=>"Marron", "Matériau"=>"Bois"', '697a6257-c629-493b-8db3-66b5d29df32e', '1780f2dc-bc0a-4e40-a150-58c6856aefee', 'Table', NULL, 'a1bb7083-9ec1-48a7-a498-2ec616465dd6', '51da0ed6-d5be-4b4b-bcdc-d97d563ec22d');
INSERT INTO elements (id, attributes, ref_photo, ref_photos_folder, description, fk_parent_element, fk_element_type, fk_room) VALUES ('d864ea54-6ef7-40d6-98a8-f8911a7b52c6', '"Couleur"=>"Noir", "Matériau"=>"Bois"', '469fcd08-cd0b-4d2d-8442-dbdd5cb5db6d', '74e701c7-056a-4f7a-b9c3-b9630612ce48', 'Chaise', NULL, 'f9092810-64c6-4c6c-877f-48a3f0a91af5', '0bb97ea4-6fde-4e31-86a2-44403b473d07');
INSERT INTO elements (id, attributes, ref_photo, ref_photos_folder, description, fk_parent_element, fk_element_type, fk_room) VALUES ('0a580edc-8d21-412a-b6ed-f451615bcb47', '"Couleur"=>"Marron", "Matériau"=>"Bois"', '4dcc974a-5382-4d26-860c-3147787c68f0', '490c27f5-f89c-4a7e-bef1-0bc961f1efad', 'Table', NULL, 'a1bb7083-9ec1-48a7-a498-2ec616465dd6', '0bb97ea4-6fde-4e31-86a2-44403b473d07');
INSERT INTO elements (id, attributes, ref_photo, ref_photos_folder, description, fk_parent_element, fk_element_type, fk_room) VALUES ('e2d11ecd-26ee-4524-9772-da28ff7e312d', '"Couleur"=>"Noir", "Matériau"=>"Bois"', '6786b764-3faf-4e63-9cf4-82e8fd8618a8', '03f345d8-630d-434d-b1ad-887f37959688', 'Chaise', NULL, 'f9092810-64c6-4c6c-877f-48a3f0a91af5', '552c4a90-2073-4429-8289-532aa44db4f3');
INSERT INTO elements (id, attributes, ref_photo, ref_photos_folder, description, fk_parent_element, fk_element_type, fk_room) VALUES ('93ed4ff9-9f74-4233-99e8-490f3a33414e', '"Couleur"=>"Marron", "Matériau"=>"Bois"', 'f0e3673a-4923-441b-b1cc-b08e7af37788', '8538cd03-5086-4d6b-9b38-6fb6471832c8', 'Table', NULL, 'a1bb7083-9ec1-48a7-a498-2ec616465dd6', '552c4a90-2073-4429-8289-532aa44db4f3');
INSERT INTO elements (id, attributes, ref_photo, ref_photos_folder, description, fk_parent_element, fk_element_type, fk_room) VALUES ('573372ab-7990-40b0-a667-cad099c05657', '"Couleur"=>"Noir", "Matériau"=>"Bois"', 'f135ff77-1c8c-4650-b688-39ecb99e6f5a', 'de98606a-0a97-4d85-be97-d4901dc2dced', 'Chaise', NULL, 'f9092810-64c6-4c6c-877f-48a3f0a91af5', 'fdde45f7-283d-43c5-aaf0-751e2866f6cf');
INSERT INTO elements (id, attributes, ref_photo, ref_photos_folder, description, fk_parent_element, fk_element_type, fk_room) VALUES ('9b8afe7f-4173-42c8-8ae5-fcc5390188cc', '"Couleur"=>"Marron", "Matériau"=>"Bois"', 'e7a41540-160a-4f61-81a0-fcf031c445cd', 'cbac346b-3559-48bc-9dc2-bef37f52140d', 'Table', NULL, 'a1bb7083-9ec1-48a7-a498-2ec616465dd6', 'fdde45f7-283d-43c5-aaf0-751e2866f6cf');
INSERT INTO elements (id, attributes, ref_photo, ref_photos_folder, description, fk_parent_element, fk_element_type, fk_room) VALUES ('e8539e0a-0118-4983-a746-ee11bc462984', '"Couleur"=>"Noir", "Matériau"=>"Bois"', '6b03dd18-dc5a-494b-bdb8-4a25344e549f', '0d4b5770-8375-4e6e-ae48-cf09e0f3cd1b', 'Chaise', NULL, 'f9092810-64c6-4c6c-877f-48a3f0a91af5', '08808953-e2a2-4db2-a898-0732455f97a6');
INSERT INTO elements (id, attributes, ref_photo, ref_photos_folder, description, fk_parent_element, fk_element_type, fk_room) VALUES ('2852f64c-1243-4e6e-aabe-d4452d8fd677', '"Couleur"=>"Marron", "Matériau"=>"Bois"', '8485e36c-d624-4f26-a578-bd75eb270907', '854dc73b-3ce3-43ba-8ba1-f4a1c8a91fe7', 'Table', NULL, 'a1bb7083-9ec1-48a7-a498-2ec616465dd6', '08808953-e2a2-4db2-a898-0732455f97a6');
INSERT INTO elements (id, attributes, ref_photo, ref_photos_folder, description, fk_parent_element, fk_element_type, fk_room) VALUES ('4bd9246d-576d-4364-b40e-5072a82cbe1b', '"Couleur"=>"Noir", "Matériau"=>"Bois"', 'f4f9eaa8-4f09-4fe5-93b9-1e06dea89728', 'b97e8ca8-3d0f-455e-9abe-dc6bf1bcec04', 'Chaise', NULL, 'f9092810-64c6-4c6c-877f-48a3f0a91af5', '32456ba9-1e10-4cef-88b2-3248afb4110f');
INSERT INTO elements (id, attributes, ref_photo, ref_photos_folder, description, fk_parent_element, fk_element_type, fk_room) VALUES ('ac48f779-d106-465d-a656-3c02867e8a30', '"Couleur"=>"Marron", "Matériau"=>"Bois"', 'f1b23d50-d5b9-43e1-a753-c9cb3c3d45bb', 'efcf0ff4-a380-4986-96a1-e13d97c8b541', 'Table', NULL, 'a1bb7083-9ec1-48a7-a498-2ec616465dd6', '32456ba9-1e10-4cef-88b2-3248afb4110f');
INSERT INTO elements (id, attributes, ref_photo, ref_photos_folder, description, fk_parent_element, fk_element_type, fk_room) VALUES ('0f46a524-c7c2-4cde-bb76-1d30de335233', '"Couleur"=>"Noir", "Matériau"=>"Bois"', '946e2768-6de4-4bbf-a268-ea90ae2dd682', 'efa2ba2c-da08-4b9a-b434-c047e1609191', 'Chaise', NULL, 'f9092810-64c6-4c6c-877f-48a3f0a91af5', 'a4aaa798-e689-46cf-b1d0-944c3eaba915');
INSERT INTO elements (id, attributes, ref_photo, ref_photos_folder, description, fk_parent_element, fk_element_type, fk_room) VALUES ('0c1c6520-daae-4446-9d8f-ba2caf436818', '"Couleur"=>"Marron", "Matériau"=>"Bois"', '7a89463f-93d2-4be3-8367-f19bfcfc4c5c', '5b968201-58dc-4c63-a05a-265cfb6540e8', 'Table', NULL, 'a1bb7083-9ec1-48a7-a498-2ec616465dd6', 'a4aaa798-e689-46cf-b1d0-944c3eaba915');
INSERT INTO elements (id, attributes, ref_photo, ref_photos_folder, description, fk_parent_element, fk_element_type, fk_room) VALUES ('e371fd16-4960-4b6c-b882-ad8f487d9c39', '"Couleur"=>"Noir", "Matériau"=>"Bois"', '6b8b1c9a-ea91-4999-a426-37a41cdd70ac', 'cd66a664-9c4a-4b42-bff1-3c7dcfb582f5', 'Chaise', NULL, 'f9092810-64c6-4c6c-877f-48a3f0a91af5', '9a8b7674-711e-4937-bd24-bcad65a9b01f');
INSERT INTO elements (id, attributes, ref_photo, ref_photos_folder, description, fk_parent_element, fk_element_type, fk_room) VALUES ('a9073112-b46c-46f8-a0ba-9a57a41a5391', '"Couleur"=>"Marron", "Matériau"=>"Bois"', 'ae1ad0ea-679a-4944-88df-e6041e84cf6b', '0c003066-5adc-43da-b54b-5cc57d8412a3', 'Table', NULL, 'a1bb7083-9ec1-48a7-a498-2ec616465dd6', '9a8b7674-711e-4937-bd24-bcad65a9b01f');
INSERT INTO elements (id, attributes, ref_photo, ref_photos_folder, description, fk_parent_element, fk_element_type, fk_room) VALUES ('36578c16-86b4-43b3-85d4-22a396e27e6e', '"Couleur"=>"Noir", "Matériau"=>"Bois"', 'd01e4fd7-7ff5-478d-af2d-d1778300e6ca', '8f6dece1-3e4b-4da8-8ab2-d2c6fa833eb2', 'Chaise', NULL, 'f9092810-64c6-4c6c-877f-48a3f0a91af5', '097f3d73-36d5-4c28-bced-4bf5dfd998f2');
INSERT INTO elements (id, attributes, ref_photo, ref_photos_folder, description, fk_parent_element, fk_element_type, fk_room) VALUES ('f7fa89bb-6996-407a-9479-074a4ebd73cc', '"Couleur"=>"Marron", "Matériau"=>"Bois"', 'b08e3601-63d7-4ae5-b058-07d619ce9ec0', '2ac2c96a-23a4-4c0e-a2cf-2938117f00a9', 'Table', NULL, 'a1bb7083-9ec1-48a7-a498-2ec616465dd6', '097f3d73-36d5-4c28-bced-4bf5dfd998f2');
INSERT INTO elements (id, attributes, ref_photo, ref_photos_folder, description, fk_parent_element, fk_element_type, fk_room) VALUES ('34c9cb4c-e894-4c41-bc83-d4242bea3319', '"Couleur"=>"Noir", "Matériau"=>"Bois"', '88d87ca0-7949-4a57-97bf-456a1bdc4360', '021dd65a-a9c7-4998-94c9-4bc6e5c23a76', 'Chaise', NULL, 'f9092810-64c6-4c6c-877f-48a3f0a91af5', '0f4a2895-2c19-4540-9a2d-5f72e22c52b1');
INSERT INTO elements (id, attributes, ref_photo, ref_photos_folder, description, fk_parent_element, fk_element_type, fk_room) VALUES ('33f6c86c-d68e-4a30-814f-23ab0aa72332', '"Couleur"=>"Marron", "Matériau"=>"Bois"', 'e2b6286f-41ed-4b51-b5c9-5daae00b552d', 'a3bc82bc-6d6e-459d-bdf8-8c43262d9336', 'Table', NULL, 'a1bb7083-9ec1-48a7-a498-2ec616465dd6', '0f4a2895-2c19-4540-9a2d-5f72e22c52b1');
INSERT INTO elements (id, attributes, ref_photo, ref_photos_folder, description, fk_parent_element, fk_element_type, fk_room) VALUES ('6bd8ada9-a40f-44b8-8e2b-682f242f9ae6', '"Couleur"=>"Noir", "Matériau"=>"Bois"', '6aeeb038-6f25-4b06-828a-1e2f2d6c10d2', '840443f4-6356-4796-80bf-e12d5a53623e', 'Chaise', NULL, 'f9092810-64c6-4c6c-877f-48a3f0a91af5', '981cfdd4-4daf-4071-96b2-9adaa0c764ba');
INSERT INTO elements (id, attributes, ref_photo, ref_photos_folder, description, fk_parent_element, fk_element_type, fk_room) VALUES ('3a3cc8f0-abdc-4bb8-ab90-d032425831ca', '"Couleur"=>"Marron", "Matériau"=>"Bois"', '45c00318-45ae-4d65-a334-3693be1ae40a', '324bf2b6-b281-4bb6-96af-bb2f8b4c6edb', 'Table', NULL, 'a1bb7083-9ec1-48a7-a498-2ec616465dd6', '981cfdd4-4daf-4071-96b2-9adaa0c764ba');
INSERT INTO elements (id, attributes, ref_photo, ref_photos_folder, description, fk_parent_element, fk_element_type, fk_room) VALUES ('51d1d453-edc2-42da-afca-357fa3951925', '"Couleur"=>"Noir", "Matériau"=>"Bois"', 'b895c448-7cbe-4a40-b256-ef6cb3d3d3b2', 'fe6635cb-938d-4872-a88c-d8bf95b50918', 'Chaise', NULL, 'f9092810-64c6-4c6c-877f-48a3f0a91af5', '71e9528c-5ff9-40fe-8c7a-3ff3d387bd4a');
INSERT INTO elements (id, attributes, ref_photo, ref_photos_folder, description, fk_parent_element, fk_element_type, fk_room) VALUES ('5fa97bc9-6bc0-4d14-86b9-a20d0bd1f7c2', '"Couleur"=>"Marron", "Matériau"=>"Bois"', '4ed2cd54-1eea-41ed-88bd-f2b39df335b4', '0f913ce2-b7d3-414c-bab5-c3dca2f17f1e', 'Table', NULL, 'a1bb7083-9ec1-48a7-a498-2ec616465dd6', '71e9528c-5ff9-40fe-8c7a-3ff3d387bd4a');
INSERT INTO elements (id, attributes, ref_photo, ref_photos_folder, description, fk_parent_element, fk_element_type, fk_room) VALUES ('6d92f36b-82cf-4c05-af4d-9fb625c7964f', '"Couleur"=>"Noir", "Matériau"=>"Bois"', 'd27e8217-f2a8-4723-9369-be268b4dca23', '9c2799d6-08f4-473d-bfc2-b9cf5005d813', 'Chaise', NULL, 'f9092810-64c6-4c6c-877f-48a3f0a91af5', '9dbf8bd7-305f-4d3e-8d6b-8a979f297226');
INSERT INTO elements (id, attributes, ref_photo, ref_photos_folder, description, fk_parent_element, fk_element_type, fk_room) VALUES ('bf7be2dd-e826-4e7d-9691-5b8b1f3b8194', '"Couleur"=>"Marron", "Matériau"=>"Bois"', '62eca9ec-7a7c-4486-9581-475fa811c39b', '0a2a9535-68da-48be-bb0f-d8732c1fb11f', 'Table', NULL, 'a1bb7083-9ec1-48a7-a498-2ec616465dd6', '9dbf8bd7-305f-4d3e-8d6b-8a979f297226');
INSERT INTO elements (id, attributes, ref_photo, ref_photos_folder, description, fk_parent_element, fk_element_type, fk_room) VALUES ('c798322f-6b95-4945-b65c-3c04d3415b2f', '"Couleur"=>"Noir", "Matériau"=>"Bois"', '39a422fd-759e-43f6-9db2-d7ac4ddd72e0', '73094f6e-8e0b-46a2-bb39-f345ca8abbba', 'Chaise', NULL, 'f9092810-64c6-4c6c-877f-48a3f0a91af5', '1611c4a7-9aa9-4c99-ab0b-384f43caf688');
INSERT INTO elements (id, attributes, ref_photo, ref_photos_folder, description, fk_parent_element, fk_element_type, fk_room) VALUES ('552d0a77-03d9-4210-b508-92f9ec85ced3', '"Couleur"=>"Marron", "Matériau"=>"Bois"', 'bb9b673b-3ae8-420e-b658-de3d118eef4f', '8483107c-fb1d-4427-9524-eaebbcc7091e', 'Table', NULL, 'a1bb7083-9ec1-48a7-a498-2ec616465dd6', '1611c4a7-9aa9-4c99-ab0b-384f43caf688');
INSERT INTO elements (id, attributes, ref_photo, ref_photos_folder, description, fk_parent_element, fk_element_type, fk_room) VALUES ('f0b4cc0e-7a82-4989-a644-f31f2ae67ade', '"Couleur"=>"Noir", "Matériau"=>"Bois"', 'e2b52040-8f87-4cff-bc56-f3b275c9e9d7', 'befc277c-703d-4df2-a098-e8eb055f280e', 'Chaise', NULL, 'f9092810-64c6-4c6c-877f-48a3f0a91af5', 'c616ac40-3cfc-49e4-ba21-fc411a86e092');
INSERT INTO elements (id, attributes, ref_photo, ref_photos_folder, description, fk_parent_element, fk_element_type, fk_room) VALUES ('61b71910-0e63-45fa-bfa3-719cb52aa5f0', '"Couleur"=>"Marron", "Matériau"=>"Bois"', '3a706cfa-f9e3-4ef1-8bbc-7c4dff48b325', 'b0904393-fe91-407f-8cae-4293513c70c1', 'Table', NULL, 'a1bb7083-9ec1-48a7-a498-2ec616465dd6', 'c616ac40-3cfc-49e4-ba21-fc411a86e092');
INSERT INTO elements (id, attributes, ref_photo, ref_photos_folder, description, fk_parent_element, fk_element_type, fk_room) VALUES ('843b61e3-b0df-41bd-af88-425b20abbcc3', '"Couleur"=>"Noir", "Matériau"=>"Bois"', 'ce2d0858-b5d4-4916-b3a8-5c2e5ec8e9a1', '3e3fc708-626b-4897-bb8d-257805b7a86c', 'Chaise', NULL, 'f9092810-64c6-4c6c-877f-48a3f0a91af5', 'ca001eaa-3fb3-4557-abed-faa49b39c7ad');
INSERT INTO elements (id, attributes, ref_photo, ref_photos_folder, description, fk_parent_element, fk_element_type, fk_room) VALUES ('ee932ebc-f3af-4d71-acd8-143489bde757', '"Couleur"=>"Marron", "Matériau"=>"Bois"', '24564203-496e-49dc-8175-78ec37e7e91c', '870e6e5f-2b27-43c7-b438-df06034d6c5d', 'Table', NULL, 'a1bb7083-9ec1-48a7-a498-2ec616465dd6', 'ca001eaa-3fb3-4557-abed-faa49b39c7ad');
INSERT INTO elements (id, attributes, ref_photo, ref_photos_folder, description, fk_parent_element, fk_element_type, fk_room) VALUES ('8c39f04e-c9c0-4a6c-88d5-a6709f7ec871', '"Couleur"=>"Noir", "Matériau"=>"Bois"', '488ec07b-f172-43ad-9cf0-30f5bd88b434', '95cac7d3-88d4-4f4e-8f2f-74d89217b61b', 'Chaise', NULL, 'f9092810-64c6-4c6c-877f-48a3f0a91af5', 'fac798ad-b091-433d-bf24-a3bf36ef680e');
INSERT INTO elements (id, attributes, ref_photo, ref_photos_folder, description, fk_parent_element, fk_element_type, fk_room) VALUES ('fc6501dd-3cd2-454c-ba04-79ff0c697cb3', '"Couleur"=>"Marron", "Matériau"=>"Bois"', '741e6f19-9b9e-414e-bf31-61948b72c260', 'f827eed4-7d78-4a12-b4b3-43b0e1e4a353', 'Table', NULL, 'a1bb7083-9ec1-48a7-a498-2ec616465dd6', 'fac798ad-b091-433d-bf24-a3bf36ef680e');
INSERT INTO elements (id, attributes, ref_photo, ref_photos_folder, description, fk_parent_element, fk_element_type, fk_room) VALUES ('d711f68f-ce40-480d-a748-13936fb868df', '"Couleur"=>"Noir", "Matériau"=>"Bois"', '682394cb-30a8-4995-9e7b-33604ccc5815', '1bac421d-bb3d-4581-b5bf-b0dd763e1df1', 'Chaise', NULL, 'f9092810-64c6-4c6c-877f-48a3f0a91af5', 'b07c007f-d969-4d6e-9833-eac3a6273b62');
INSERT INTO elements (id, attributes, ref_photo, ref_photos_folder, description, fk_parent_element, fk_element_type, fk_room) VALUES ('44edddec-702b-4dde-ad75-833cceab6a5b', '"Couleur"=>"Marron", "Matériau"=>"Bois"', '2d64716a-f95c-4d80-817e-4fbca0811f7d', 'c12c131c-592d-4fcb-b7c0-ff710b105aa7', 'Table', NULL, 'a1bb7083-9ec1-48a7-a498-2ec616465dd6', 'b07c007f-d969-4d6e-9833-eac3a6273b62');
INSERT INTO elements (id, attributes, ref_photo, ref_photos_folder, description, fk_parent_element, fk_element_type, fk_room) VALUES ('0aa650ed-4def-43e7-862c-9d699909aa69', '"Couleur"=>"Noir", "Matériau"=>"Bois"', '88eed151-addf-4415-a885-bf4ec0e01de9', 'e85ae076-a430-40f5-a634-e976321d92e2', 'Chaise', NULL, 'f9092810-64c6-4c6c-877f-48a3f0a91af5', '36bec8d3-a195-42b1-a666-da845a92cdf1');
INSERT INTO elements (id, attributes, ref_photo, ref_photos_folder, description, fk_parent_element, fk_element_type, fk_room) VALUES ('badc97ca-e70f-48d9-ad50-af60f938e90a', '"Couleur"=>"Marron", "Matériau"=>"Bois"', 'daa7ab8c-14de-46bd-98bc-9036078b7f29', 'bb38fa44-3398-488c-b777-ad59667249a7', 'Table', NULL, 'a1bb7083-9ec1-48a7-a498-2ec616465dd6', '36bec8d3-a195-42b1-a666-da845a92cdf1');
INSERT INTO elements (id, attributes, ref_photo, ref_photos_folder, description, fk_parent_element, fk_element_type, fk_room) VALUES ('2c04bf5c-a94c-4b78-86f5-e25507c710dc', '"Couleur"=>"Noir", "Matériau"=>"Bois"', '7027f4bc-3f25-4588-8175-c6610319b53b', '382a874d-471b-4995-9216-2743f20f9aa0', 'Chaise', NULL, 'f9092810-64c6-4c6c-877f-48a3f0a91af5', '7e9a2a4e-9c7b-4647-aeb1-0cd1e5bd63ad');
INSERT INTO elements (id, attributes, ref_photo, ref_photos_folder, description, fk_parent_element, fk_element_type, fk_room) VALUES ('88700f73-c559-4d02-bbab-8460fa028b8d', '"Couleur"=>"Marron", "Matériau"=>"Bois"', 'f011d7b5-dabd-4f5f-a20f-01e4e00149ca', 'c037eefa-efdf-4303-8715-0ef82d988207', 'Table', NULL, 'a1bb7083-9ec1-48a7-a498-2ec616465dd6', '7e9a2a4e-9c7b-4647-aeb1-0cd1e5bd63ad');
INSERT INTO elements (id, attributes, ref_photo, ref_photos_folder, description, fk_parent_element, fk_element_type, fk_room) VALUES ('b1766ea0-ea1b-464a-b4db-f151f5ce1c03', '"Couleur"=>"Noir", "Matériau"=>"Bois"', '24046b6d-6d70-4496-bfc9-2bc606fbcc4d', '7571d074-0469-4deb-a12b-602bf94387c6', 'Chaise', NULL, 'f9092810-64c6-4c6c-877f-48a3f0a91af5', 'd5538175-8ea3-439f-a02b-980e81f86846');
INSERT INTO elements (id, attributes, ref_photo, ref_photos_folder, description, fk_parent_element, fk_element_type, fk_room) VALUES ('80de269a-b08a-43e0-b9bd-48be496050ca', '"Couleur"=>"Marron", "Matériau"=>"Bois"', '6909c0e3-7352-49dc-a6e6-7d96e4a82233', '666350ef-f4ea-4815-a211-c127e19c97da', 'Table', NULL, 'a1bb7083-9ec1-48a7-a498-2ec616465dd6', 'd5538175-8ea3-439f-a02b-980e81f86846');
INSERT INTO elements (id, attributes, ref_photo, ref_photos_folder, description, fk_parent_element, fk_element_type, fk_room) VALUES ('44d576fc-96ac-47e3-bdc5-13ae4a66cfa0', '"Couleur"=>"Noir", "Matériau"=>"Bois"', 'b3d42eef-ef70-4ecd-b8db-d307a9046c26', 'fda36dd7-c60f-444d-9c34-35c41db30096', 'Chaise', NULL, 'f9092810-64c6-4c6c-877f-48a3f0a91af5', 'e49afab7-e9af-4381-8168-5e6cfba3244a');
INSERT INTO elements (id, attributes, ref_photo, ref_photos_folder, description, fk_parent_element, fk_element_type, fk_room) VALUES ('b192fb68-462e-4a22-86e0-c8c3f5f1f92c', '"Couleur"=>"Marron", "Matériau"=>"Bois"', '6a2ee63e-1772-49b5-aa35-c7e91e3d5d8b', '9bcda80b-b04c-4aa4-8031-f8a02a5c4c79', 'Table', NULL, 'a1bb7083-9ec1-48a7-a498-2ec616465dd6', 'e49afab7-e9af-4381-8168-5e6cfba3244a');
INSERT INTO elements (id, attributes, ref_photo, ref_photos_folder, description, fk_parent_element, fk_element_type, fk_room) VALUES ('1ac9a535-1a98-44b3-a502-c22c09daa486', '"Couleur"=>"Noir", "Matériau"=>"Bois"', '39ca8305-600d-4033-9bc2-42c7760af1be', '89c864af-ca66-4e54-a72a-1e59d242dd4b', 'Chaise', NULL, 'f9092810-64c6-4c6c-877f-48a3f0a91af5', '128aa624-cc4e-4ae9-bfa8-6353053232ec');
INSERT INTO elements (id, attributes, ref_photo, ref_photos_folder, description, fk_parent_element, fk_element_type, fk_room) VALUES ('ac530c53-105a-4d27-a3fd-7b57e453fc07', '"Couleur"=>"Marron", "Matériau"=>"Bois"', 'e513c3c0-dfa9-4cf2-b259-cb1e15390876', '0eefb71a-cd73-49c6-9f2a-46293f8bdd00', 'Table', NULL, 'a1bb7083-9ec1-48a7-a498-2ec616465dd6', '128aa624-cc4e-4ae9-bfa8-6353053232ec');

-- inventory_types

INSERT INTO inventory_types (id, label) VALUES ('d7985256-7f68-4796-b8b9-fe0bed055b08', 'ENTREE');
INSERT INTO inventory_types (id, label) VALUES ('b5ee2b7e-7616-4471-9a80-5f4ccc87b150', 'SORTIE');

-- leases

INSERT INTO leases (id, creation_date, rental_start_date, nb_keys, end_date, fk_tenant, fk_owner, fk_property) VALUES ('fa711326-69de-4e74-b907-f24ed8e97bd4', '2023-01-15', '2022-02-01', 1, '2022-12-31', 'd07b26dc-f2c3-4804-afea-cf8d3f2dfa52', 'b256a0d0-a73a-4b4a-ad58-39ee11ace2fa', 'd73e1895-5ed2-4848-b16e-ff56a6f00d44');
INSERT INTO leases (id, creation_date, rental_start_date, nb_keys, end_date, fk_tenant, fk_owner, fk_property) VALUES ('fb76efa4-d719-4d2b-af44-bb1579359f39', '2023-01-20', '2022-01-01', 1, '2022-12-31', '5a20829d-f5d1-4842-8513-cb1164ce3ace', 'ffa52277-e5f7-4b63-ba5d-00f7b23e0570', 'cbbf7cd0-7618-48b2-9736-c71924036d5d');
INSERT INTO leases (id, creation_date, rental_start_date, nb_keys, end_date, fk_tenant, fk_owner, fk_property) VALUES ('2d6ca86c-1c8b-4246-9124-68e4f430678f', '2023-02-10', '2022-03-01', 1, '2023-02-28', '9fd56529-ad50-40a0-8260-4ff3039b4fc0', '27b01635-465f-448e-8487-5779eef21c23', 'bb3b98dc-4bfd-42ab-9b34-5d4d9df126a1');
INSERT INTO leases (id, creation_date, rental_start_date, nb_keys, end_date, fk_tenant, fk_owner, fk_property) VALUES ('11fc6203-c12a-4af0-892c-bc15b060f59d', '2023-03-05', '2022-12-01', 1, '2023-11-30', 'f5a7a169-584d-4672-8e10-571d05f156f5', 'e79f6945-ddd6-4496-8481-ad88ca6b784a', 'ac43f653-31fd-4fd0-ae99-d3cf3f6a4148');
INSERT INTO leases (id, creation_date, rental_start_date, nb_keys, end_date, fk_tenant, fk_owner, fk_property) VALUES ('206730bc-8c79-4a47-b13d-3c442cf86df4', '2023-04-18', '2023-05-01', 1, '2024-04-30', 'c86b2b9f-d6a0-41f2-84a4-ce6c981b119f', 'b256a0d0-a73a-4b4a-ad58-39ee11ace2fa', '926184ce-7caf-4771-989f-f950b5c69a98');
INSERT INTO leases (id, creation_date, rental_start_date, nb_keys, end_date, fk_tenant, fk_owner, fk_property) VALUES ('59ce7327-f93d-453f-9a31-cbedee574ee0', '2023-05-22', '2023-06-01', 1, '2024-05-31', 'c86b2b9f-d6a0-41f2-84a4-ce6c981b119f', 'e79f6945-ddd6-4496-8481-ad88ca6b784a', '90b66a3e-f7a9-4684-a971-b5ff8265fb1c');
INSERT INTO leases (id, creation_date, rental_start_date, nb_keys, end_date, fk_tenant, fk_owner, fk_property) VALUES ('865b243e-f1b7-4794-904b-a9ed824b8130', '2023-06-02', '2023-07-01', 1, '2024-06-30', '5a20829d-f5d1-4842-8513-cb1164ce3ace', 'ffa52277-e5f7-4b63-ba5d-00f7b23e0570', '7b3e763d-9398-4bf8-8ce4-0301839f8f00');
INSERT INTO leases (id, creation_date, rental_start_date, nb_keys, end_date, fk_tenant, fk_owner, fk_property) VALUES ('a85ee394-d4d2-4d47-bba8-aa473e11429c', '2023-07-10', '2023-08-01', 1, '2024-07-31', '9fd56529-ad50-40a0-8260-4ff3039b4fc0', '6b367ba9-7ff9-4d9c-a3ac-9d5990783778', '73d00d1e-383d-4da2-bb4e-99df0d158120');
INSERT INTO leases (id, creation_date, rental_start_date, nb_keys, end_date, fk_tenant, fk_owner, fk_property) VALUES ('e9bda2c0-e2cf-4c0f-916a-dcd82f3888f8', '2023-08-15', '2023-09-01', 1, '2024-08-31', 'd07b26dc-f2c3-4804-afea-cf8d3f2dfa52', '6b367ba9-7ff9-4d9c-a3ac-9d5990783778', '6d6136bc-00fc-45d2-835d-5b72f5e8ebed');
INSERT INTO leases (id, creation_date, rental_start_date, nb_keys, end_date, fk_tenant, fk_owner, fk_property) VALUES ('d889f10f-5671-419c-b7e1-edf9ff5d9957', '2023-09-18', '2023-10-01', 1, '2024-09-30', 'f5a7a169-584d-4672-8e10-571d05f156f5', '27b01635-465f-448e-8487-5779eef21c23', '623c35c2-8ae6-40ed-8f1a-670a820708bf');
INSERT INTO leases (id, creation_date, rental_start_date, nb_keys, end_date, fk_tenant, fk_owner, fk_property) VALUES ('60d64761-0333-4a14-85b6-c9c5ab450365', '2023-10-30', '2023-11-01', 1, '2024-10-31', 'c86b2b9f-d6a0-41f2-84a4-ce6c981b119f', 'e79f6945-ddd6-4496-8481-ad88ca6b784a', '5baac978-8c78-4055-9166-891b6c6be362');
INSERT INTO leases (id, creation_date, rental_start_date, nb_keys, end_date, fk_tenant, fk_owner, fk_property) VALUES ('381eb8dd-6409-41f0-97ea-3221fb3a62bc', '2023-12-20', '2024-01-01', 1, '2024-12-31', 'c86b2b9f-d6a0-41f2-84a4-ce6c981b119f', 'b256a0d0-a73a-4b4a-ad58-39ee11ace2fa', '397c693d-f7b2-4b36-b536-dc7e4703bb16');
INSERT INTO leases (id, creation_date, rental_start_date, nb_keys, end_date, fk_tenant, fk_owner, fk_property) VALUES ('d8af63fc-c717-493d-b3a4-27e4dca8a022', '2024-01-15', '2024-02-01', 1, '2025-01-31', 'd07b26dc-f2c3-4804-afea-cf8d3f2dfa52', 'b256a0d0-a73a-4b4a-ad58-39ee11ace2fa', 'd73e1895-5ed2-4848-b16e-ff56a6f00d44');
INSERT INTO leases (id, creation_date, rental_start_date, nb_keys, end_date, fk_tenant, fk_owner, fk_property) VALUES ('e002751b-eabd-4ca9-826d-08d0a3d3fec5', '2024-02-10', '2024-03-01', 1, '2025-02-28', '9fd56529-ad50-40a0-8260-4ff3039b4fc0', '27b01635-465f-448e-8487-5779eef21c23', 'bb3b98dc-4bfd-42ab-9b34-5d4d9df126a1');
INSERT INTO leases (id, creation_date, rental_start_date, nb_keys, end_date, fk_tenant, fk_owner, fk_property) VALUES ('c094d000-fd8d-4ad4-aef1-978ddf3eb450', '2023-11-15', '2022-03-01', 1, '2023-02-28', '9fd56529-ad50-40a0-8260-4ff3039b4fc0', 'ffa52277-e5f7-4b63-ba5d-00f7b23e0570', '401628a7-c9c1-4776-9e8f-ed7801dd7517');
INSERT INTO leases (id, creation_date, rental_start_date, nb_keys, end_date, fk_tenant, fk_owner, fk_property) VALUES ('95186a17-744f-4c97-8cf2-437297aec3ab', '2023-12-20', '2022-03-01', 1, '2023-02-28', '5a20829d-f5d1-4842-8513-cb1164ce3ace', 'ffa52277-e5f7-4b63-ba5d-00f7b23e0570', 'cbbf7cd0-7618-48b2-9736-c71924036d5d');

-- inventories

INSERT INTO inventories (id, inventory_date, fk_inventory_type, fk_lease, fk_third_party) VALUES ('c4c9fc46-eace-4cae-9eae-ed1d5562927a', '2022-02-01', 'd7985256-7f68-4796-b8b9-fe0bed055b08', 'fa711326-69de-4e74-b907-f24ed8e97bd4', '424a4054-f790-4cdd-96bf-c31151dec6a7');
INSERT INTO inventories (id, inventory_date, fk_inventory_type, fk_lease, fk_third_party) VALUES ('9c43f4d0-2927-477e-9132-f1d0dfd72b48', '2022-01-01', 'd7985256-7f68-4796-b8b9-fe0bed055b08', 'fb76efa4-d719-4d2b-af44-bb1579359f39', 'ca722251-ca68-4b14-9e48-33d6648dbe7e');
INSERT INTO inventories (id, inventory_date, fk_inventory_type, fk_lease, fk_third_party) VALUES ('a9afe540-69b7-4169-bc49-86d28ff67e56', '2022-03-01', 'd7985256-7f68-4796-b8b9-fe0bed055b08', '2d6ca86c-1c8b-4246-9124-68e4f430678f', 'bc9fca47-af81-4e2c-878d-d455e611ba02');
INSERT INTO inventories (id, inventory_date, fk_inventory_type, fk_lease, fk_third_party) VALUES ('6111ac0c-0a76-408c-a975-9334e9b16a42', '2022-12-01', 'd7985256-7f68-4796-b8b9-fe0bed055b08', '11fc6203-c12a-4af0-892c-bc15b060f59d', '61102e5d-bf9f-4dc9-b9a4-f6b56d8ade25');
INSERT INTO inventories (id, inventory_date, fk_inventory_type, fk_lease, fk_third_party) VALUES ('783c27bc-77eb-4faf-913a-f2f794bc8645', '2023-05-01', 'd7985256-7f68-4796-b8b9-fe0bed055b08', '206730bc-8c79-4a47-b13d-3c442cf86df4', '6971b88e-45fa-4f62-8e6d-4fe28b1e5399');
INSERT INTO inventories (id, inventory_date, fk_inventory_type, fk_lease, fk_third_party) VALUES ('b9f476e4-916d-4ef8-bb23-250f6d9398d8', '2023-06-01', 'd7985256-7f68-4796-b8b9-fe0bed055b08', '59ce7327-f93d-453f-9a31-cbedee574ee0', '424a4054-f790-4cdd-96bf-c31151dec6a7');
INSERT INTO inventories (id, inventory_date, fk_inventory_type, fk_lease, fk_third_party) VALUES ('d75f8da0-038b-4564-aec1-764fc1186b34', '2023-07-01', 'd7985256-7f68-4796-b8b9-fe0bed055b08', '865b243e-f1b7-4794-904b-a9ed824b8130', 'ca722251-ca68-4b14-9e48-33d6648dbe7e');
INSERT INTO inventories (id, inventory_date, fk_inventory_type, fk_lease, fk_third_party) VALUES ('cb6cdc80-dc9b-47fa-837d-c3919aef7ded', '2023-08-01', 'd7985256-7f68-4796-b8b9-fe0bed055b08', 'a85ee394-d4d2-4d47-bba8-aa473e11429c', 'bc9fca47-af81-4e2c-878d-d455e611ba02');
INSERT INTO inventories (id, inventory_date, fk_inventory_type, fk_lease, fk_third_party) VALUES ('73358049-9d92-461b-8ee6-062e3e4d4424', '2023-09-01', 'd7985256-7f68-4796-b8b9-fe0bed055b08', 'e9bda2c0-e2cf-4c0f-916a-dcd82f3888f8', '61102e5d-bf9f-4dc9-b9a4-f6b56d8ade25');
INSERT INTO inventories (id, inventory_date, fk_inventory_type, fk_lease, fk_third_party) VALUES ('89b846d3-7ef2-4b33-bcf3-ef4a6c06ccee', '2023-10-01', 'd7985256-7f68-4796-b8b9-fe0bed055b08', 'd889f10f-5671-419c-b7e1-edf9ff5d9957', '6971b88e-45fa-4f62-8e6d-4fe28b1e5399');
INSERT INTO inventories (id, inventory_date, fk_inventory_type, fk_lease, fk_third_party) VALUES ('ba0aab7e-638f-465e-8de6-1e087fc2c18f', '2023-11-01', 'd7985256-7f68-4796-b8b9-fe0bed055b08', '60d64761-0333-4a14-85b6-c9c5ab450365', '424a4054-f790-4cdd-96bf-c31151dec6a7');
INSERT INTO inventories (id, inventory_date, fk_inventory_type, fk_lease, fk_third_party) VALUES ('4fd10c2b-f534-46dc-a87a-e7b4413b76c4', '2024-01-01', 'd7985256-7f68-4796-b8b9-fe0bed055b08', '381eb8dd-6409-41f0-97ea-3221fb3a62bc', 'ca722251-ca68-4b14-9e48-33d6648dbe7e');
INSERT INTO inventories (id, inventory_date, fk_inventory_type, fk_lease, fk_third_party) VALUES ('03e1cd00-6c10-4b6b-9fba-b1728af98199', '2022-12-20', 'b5ee2b7e-7616-4471-9a80-5f4ccc87b150', 'fa711326-69de-4e74-b907-f24ed8e97bd4', '6971b88e-45fa-4f62-8e6d-4fe28b1e5399');
INSERT INTO inventories (id, inventory_date, fk_inventory_type, fk_lease, fk_third_party) VALUES ('756b30b4-a418-4912-bb86-6d70625196b4', '2022-12-25', 'b5ee2b7e-7616-4471-9a80-5f4ccc87b150', 'fb76efa4-d719-4d2b-af44-bb1579359f39', 'bc9fca47-af81-4e2c-878d-d455e611ba02');
INSERT INTO inventories (id, inventory_date, fk_inventory_type, fk_lease, fk_third_party) VALUES ('107c84ff-714e-4aed-84a4-c142dbbc4021', '2023-02-25', 'b5ee2b7e-7616-4471-9a80-5f4ccc87b150', '2d6ca86c-1c8b-4246-9124-68e4f430678f', '61102e5d-bf9f-4dc9-b9a4-f6b56d8ade25');
INSERT INTO inventories (id, inventory_date, fk_inventory_type, fk_lease, fk_third_party) VALUES ('440b1dfb-349b-4b20-a1c2-62c4dc85d0d1', '2023-11-20', 'b5ee2b7e-7616-4471-9a80-5f4ccc87b150', '11fc6203-c12a-4af0-892c-bc15b060f59d', 'ca722251-ca68-4b14-9e48-33d6648dbe7e');
INSERT INTO inventories (id, inventory_date, fk_inventory_type, fk_lease, fk_third_party) VALUES ('519defca-f9b8-4602-b886-496fabdc1aa1', '2024-01-15', 'b5ee2b7e-7616-4471-9a80-5f4ccc87b150', '206730bc-8c79-4a47-b13d-3c442cf86df4', '6971b88e-45fa-4f62-8e6d-4fe28b1e5399');
INSERT INTO inventories (id, inventory_date, fk_inventory_type, fk_lease, fk_third_party) VALUES ('ce5ea005-e965-4b1f-adaa-c5903c7ff975', '2024-02-25', 'b5ee2b7e-7616-4471-9a80-5f4ccc87b150', '59ce7327-f93d-453f-9a31-cbedee574ee0', '424a4054-f790-4cdd-96bf-c31151dec6a7');

-- signatures_inventories_third_parties

INSERT INTO signatures_inventories_third_parties (id_inventory, id_third_party, signature_date) VALUES ('c4c9fc46-eace-4cae-9eae-ed1d5562927a', 'd07b26dc-f2c3-4804-afea-cf8d3f2dfa52', '2022-02-01');
INSERT INTO signatures_inventories_third_parties (id_inventory, id_third_party, signature_date) VALUES ('9c43f4d0-2927-477e-9132-f1d0dfd72b48', '5a20829d-f5d1-4842-8513-cb1164ce3ace', '2022-01-01');
INSERT INTO signatures_inventories_third_parties (id_inventory, id_third_party, signature_date) VALUES ('a9afe540-69b7-4169-bc49-86d28ff67e56', '9fd56529-ad50-40a0-8260-4ff3039b4fc0', '2022-03-01');
INSERT INTO signatures_inventories_third_parties (id_inventory, id_third_party, signature_date) VALUES ('6111ac0c-0a76-408c-a975-9334e9b16a42', 'f5a7a169-584d-4672-8e10-571d05f156f5', '2022-12-01');
INSERT INTO signatures_inventories_third_parties (id_inventory, id_third_party, signature_date) VALUES ('783c27bc-77eb-4faf-913a-f2f794bc8645', 'c86b2b9f-d6a0-41f2-84a4-ce6c981b119f', '2023-05-01');
INSERT INTO signatures_inventories_third_parties (id_inventory, id_third_party, signature_date) VALUES ('b9f476e4-916d-4ef8-bb23-250f6d9398d8', 'c86b2b9f-d6a0-41f2-84a4-ce6c981b119f', '2023-06-01');
INSERT INTO signatures_inventories_third_parties (id_inventory, id_third_party, signature_date) VALUES ('d75f8da0-038b-4564-aec1-764fc1186b34', '5a20829d-f5d1-4842-8513-cb1164ce3ace', '2023-07-01');
INSERT INTO signatures_inventories_third_parties (id_inventory, id_third_party, signature_date) VALUES ('cb6cdc80-dc9b-47fa-837d-c3919aef7ded', '9fd56529-ad50-40a0-8260-4ff3039b4fc0', '2023-08-01');
INSERT INTO signatures_inventories_third_parties (id_inventory, id_third_party, signature_date) VALUES ('73358049-9d92-461b-8ee6-062e3e4d4424', 'd07b26dc-f2c3-4804-afea-cf8d3f2dfa52', '2023-09-01');
INSERT INTO signatures_inventories_third_parties (id_inventory, id_third_party, signature_date) VALUES ('89b846d3-7ef2-4b33-bcf3-ef4a6c06ccee', 'f5a7a169-584d-4672-8e10-571d05f156f5', '2023-10-01');
INSERT INTO signatures_inventories_third_parties (id_inventory, id_third_party, signature_date) VALUES ('ba0aab7e-638f-465e-8de6-1e087fc2c18f', 'c86b2b9f-d6a0-41f2-84a4-ce6c981b119f', '2023-11-01');
INSERT INTO signatures_inventories_third_parties (id_inventory, id_third_party, signature_date) VALUES ('4fd10c2b-f534-46dc-a87a-e7b4413b76c4', 'c86b2b9f-d6a0-41f2-84a4-ce6c981b119f', '2024-01-01');
INSERT INTO signatures_inventories_third_parties (id_inventory, id_third_party, signature_date) VALUES ('03e1cd00-6c10-4b6b-9fba-b1728af98199', 'd07b26dc-f2c3-4804-afea-cf8d3f2dfa52', '2022-12-20');
INSERT INTO signatures_inventories_third_parties (id_inventory, id_third_party, signature_date) VALUES ('756b30b4-a418-4912-bb86-6d70625196b4', '5a20829d-f5d1-4842-8513-cb1164ce3ace', '2022-12-25');
INSERT INTO signatures_inventories_third_parties (id_inventory, id_third_party, signature_date) VALUES ('107c84ff-714e-4aed-84a4-c142dbbc4021', '9fd56529-ad50-40a0-8260-4ff3039b4fc0', '2023-02-25');
INSERT INTO signatures_inventories_third_parties (id_inventory, id_third_party, signature_date) VALUES ('440b1dfb-349b-4b20-a1c2-62c4dc85d0d1', 'f5a7a169-584d-4672-8e10-571d05f156f5', '2023-11-20');
INSERT INTO signatures_inventories_third_parties (id_inventory, id_third_party, signature_date) VALUES ('519defca-f9b8-4602-b886-496fabdc1aa1', 'c86b2b9f-d6a0-41f2-84a4-ce6c981b119f', '2024-01-15');
INSERT INTO signatures_inventories_third_parties (id_inventory, id_third_party, signature_date) VALUES ('ce5ea005-e965-4b1f-adaa-c5903c7ff975', 'c86b2b9f-d6a0-41f2-84a4-ce6c981b119f', '2024-02-25');
INSERT INTO signatures_inventories_third_parties (id_inventory, id_third_party, signature_date) VALUES ('c4c9fc46-eace-4cae-9eae-ed1d5562927a', '424a4054-f790-4cdd-96bf-c31151dec6a7', '2022-02-01');
INSERT INTO signatures_inventories_third_parties (id_inventory, id_third_party, signature_date) VALUES ('9c43f4d0-2927-477e-9132-f1d0dfd72b48', 'ca722251-ca68-4b14-9e48-33d6648dbe7e', '2022-01-01');
INSERT INTO signatures_inventories_third_parties (id_inventory, id_third_party, signature_date) VALUES ('a9afe540-69b7-4169-bc49-86d28ff67e56', 'bc9fca47-af81-4e2c-878d-d455e611ba02', '2022-03-01');
INSERT INTO signatures_inventories_third_parties (id_inventory, id_third_party, signature_date) VALUES ('6111ac0c-0a76-408c-a975-9334e9b16a42', '61102e5d-bf9f-4dc9-b9a4-f6b56d8ade25', '2022-12-01');
INSERT INTO signatures_inventories_third_parties (id_inventory, id_third_party, signature_date) VALUES ('783c27bc-77eb-4faf-913a-f2f794bc8645', '6971b88e-45fa-4f62-8e6d-4fe28b1e5399', '2023-05-01');
INSERT INTO signatures_inventories_third_parties (id_inventory, id_third_party, signature_date) VALUES ('b9f476e4-916d-4ef8-bb23-250f6d9398d8', '424a4054-f790-4cdd-96bf-c31151dec6a7', '2023-06-01');
INSERT INTO signatures_inventories_third_parties (id_inventory, id_third_party, signature_date) VALUES ('d75f8da0-038b-4564-aec1-764fc1186b34', 'ca722251-ca68-4b14-9e48-33d6648dbe7e', '2023-07-01');
INSERT INTO signatures_inventories_third_parties (id_inventory, id_third_party, signature_date) VALUES ('cb6cdc80-dc9b-47fa-837d-c3919aef7ded', 'bc9fca47-af81-4e2c-878d-d455e611ba02', '2023-08-01');
INSERT INTO signatures_inventories_third_parties (id_inventory, id_third_party, signature_date) VALUES ('73358049-9d92-461b-8ee6-062e3e4d4424', '61102e5d-bf9f-4dc9-b9a4-f6b56d8ade25', '2023-09-01');
INSERT INTO signatures_inventories_third_parties (id_inventory, id_third_party, signature_date) VALUES ('89b846d3-7ef2-4b33-bcf3-ef4a6c06ccee', '6971b88e-45fa-4f62-8e6d-4fe28b1e5399', '2023-10-01');
INSERT INTO signatures_inventories_third_parties (id_inventory, id_third_party, signature_date) VALUES ('ba0aab7e-638f-465e-8de6-1e087fc2c18f', '424a4054-f790-4cdd-96bf-c31151dec6a7', '2023-11-01');
INSERT INTO signatures_inventories_third_parties (id_inventory, id_third_party, signature_date) VALUES ('4fd10c2b-f534-46dc-a87a-e7b4413b76c4', 'ca722251-ca68-4b14-9e48-33d6648dbe7e', '2024-01-01');
INSERT INTO signatures_inventories_third_parties (id_inventory, id_third_party, signature_date) VALUES ('03e1cd00-6c10-4b6b-9fba-b1728af98199', '6971b88e-45fa-4f62-8e6d-4fe28b1e5399', '2022-12-20');
INSERT INTO signatures_inventories_third_parties (id_inventory, id_third_party, signature_date) VALUES ('756b30b4-a418-4912-bb86-6d70625196b4', 'bc9fca47-af81-4e2c-878d-d455e611ba02', '2022-12-25');
INSERT INTO signatures_inventories_third_parties (id_inventory, id_third_party, signature_date) VALUES ('107c84ff-714e-4aed-84a4-c142dbbc4021', '61102e5d-bf9f-4dc9-b9a4-f6b56d8ade25', '2023-02-25');
INSERT INTO signatures_inventories_third_parties (id_inventory, id_third_party, signature_date) VALUES ('440b1dfb-349b-4b20-a1c2-62c4dc85d0d1', 'ca722251-ca68-4b14-9e48-33d6648dbe7e', '2023-11-20');
INSERT INTO signatures_inventories_third_parties (id_inventory, id_third_party, signature_date) VALUES ('519defca-f9b8-4602-b886-496fabdc1aa1', '6971b88e-45fa-4f62-8e6d-4fe28b1e5399', '2024-01-15');
INSERT INTO signatures_inventories_third_parties (id_inventory, id_third_party, signature_date) VALUES ('ce5ea005-e965-4b1f-adaa-c5903c7ff975', '424a4054-f790-4cdd-96bf-c31151dec6a7', '2024-02-25');


-- signatures_leases_third_parties

INSERT INTO signatures_leases_third_parties (id_lease, id_third_party, signature_date) VALUES ('fa711326-69de-4e74-b907-f24ed8e97bd4', 'd07b26dc-f2c3-4804-afea-cf8d3f2dfa52', '2023-01-15');
INSERT INTO signatures_leases_third_parties (id_lease, id_third_party, signature_date) VALUES ('fb76efa4-d719-4d2b-af44-bb1579359f39', '5a20829d-f5d1-4842-8513-cb1164ce3ace', '2023-01-20');
INSERT INTO signatures_leases_third_parties (id_lease, id_third_party, signature_date) VALUES ('2d6ca86c-1c8b-4246-9124-68e4f430678f', '9fd56529-ad50-40a0-8260-4ff3039b4fc0', '2023-02-10');
INSERT INTO signatures_leases_third_parties (id_lease, id_third_party, signature_date) VALUES ('11fc6203-c12a-4af0-892c-bc15b060f59d', 'f5a7a169-584d-4672-8e10-571d05f156f5', '2023-03-05');
INSERT INTO signatures_leases_third_parties (id_lease, id_third_party, signature_date) VALUES ('206730bc-8c79-4a47-b13d-3c442cf86df4', 'c86b2b9f-d6a0-41f2-84a4-ce6c981b119f', '2023-04-18');
INSERT INTO signatures_leases_third_parties (id_lease, id_third_party, signature_date) VALUES ('59ce7327-f93d-453f-9a31-cbedee574ee0', 'c86b2b9f-d6a0-41f2-84a4-ce6c981b119f', '2023-05-22');
INSERT INTO signatures_leases_third_parties (id_lease, id_third_party, signature_date) VALUES ('865b243e-f1b7-4794-904b-a9ed824b8130', '5a20829d-f5d1-4842-8513-cb1164ce3ace', '2023-06-02');
INSERT INTO signatures_leases_third_parties (id_lease, id_third_party, signature_date) VALUES ('a85ee394-d4d2-4d47-bba8-aa473e11429c', '9fd56529-ad50-40a0-8260-4ff3039b4fc0', '2023-07-10');
INSERT INTO signatures_leases_third_parties (id_lease, id_third_party, signature_date) VALUES ('e9bda2c0-e2cf-4c0f-916a-dcd82f3888f8', 'd07b26dc-f2c3-4804-afea-cf8d3f2dfa52', '2023-08-15');
INSERT INTO signatures_leases_third_parties (id_lease, id_third_party, signature_date) VALUES ('d889f10f-5671-419c-b7e1-edf9ff5d9957', 'f5a7a169-584d-4672-8e10-571d05f156f5', '2023-09-18');
INSERT INTO signatures_leases_third_parties (id_lease, id_third_party, signature_date) VALUES ('60d64761-0333-4a14-85b6-c9c5ab450365', 'c86b2b9f-d6a0-41f2-84a4-ce6c981b119f', '2023-10-30');
INSERT INTO signatures_leases_third_parties (id_lease, id_third_party, signature_date) VALUES ('381eb8dd-6409-41f0-97ea-3221fb3a62bc', 'c86b2b9f-d6a0-41f2-84a4-ce6c981b119f', '2023-12-20');
INSERT INTO signatures_leases_third_parties (id_lease, id_third_party, signature_date) VALUES ('d8af63fc-c717-493d-b3a4-27e4dca8a022', 'd07b26dc-f2c3-4804-afea-cf8d3f2dfa52', '2024-01-15');
INSERT INTO signatures_leases_third_parties (id_lease, id_third_party, signature_date) VALUES ('e002751b-eabd-4ca9-826d-08d0a3d3fec5', '9fd56529-ad50-40a0-8260-4ff3039b4fc0', '2024-02-10');
INSERT INTO signatures_leases_third_parties (id_lease, id_third_party, signature_date) VALUES ('c094d000-fd8d-4ad4-aef1-978ddf3eb450', '9fd56529-ad50-40a0-8260-4ff3039b4fc0', '2023-11-15');
INSERT INTO signatures_leases_third_parties (id_lease, id_third_party, signature_date) VALUES ('95186a17-744f-4c97-8cf2-437297aec3ab', '5a20829d-f5d1-4842-8513-cb1164ce3ace', '2023-12-20');
INSERT INTO signatures_leases_third_parties (id_lease, id_third_party, signature_date) VALUES ('fa711326-69de-4e74-b907-f24ed8e97bd4', 'b256a0d0-a73a-4b4a-ad58-39ee11ace2fa', '2023-01-15');
INSERT INTO signatures_leases_third_parties (id_lease, id_third_party, signature_date) VALUES ('fb76efa4-d719-4d2b-af44-bb1579359f39', 'ffa52277-e5f7-4b63-ba5d-00f7b23e0570', '2023-01-20');
INSERT INTO signatures_leases_third_parties (id_lease, id_third_party, signature_date) VALUES ('2d6ca86c-1c8b-4246-9124-68e4f430678f', '27b01635-465f-448e-8487-5779eef21c23', '2023-02-10');
INSERT INTO signatures_leases_third_parties (id_lease, id_third_party, signature_date) VALUES ('11fc6203-c12a-4af0-892c-bc15b060f59d', 'e79f6945-ddd6-4496-8481-ad88ca6b784a', '2023-03-05');
INSERT INTO signatures_leases_third_parties (id_lease, id_third_party, signature_date) VALUES ('206730bc-8c79-4a47-b13d-3c442cf86df4', 'b256a0d0-a73a-4b4a-ad58-39ee11ace2fa', '2023-04-18');
INSERT INTO signatures_leases_third_parties (id_lease, id_third_party, signature_date) VALUES ('59ce7327-f93d-453f-9a31-cbedee574ee0', 'e79f6945-ddd6-4496-8481-ad88ca6b784a', '2023-05-22');
INSERT INTO signatures_leases_third_parties (id_lease, id_third_party, signature_date) VALUES ('865b243e-f1b7-4794-904b-a9ed824b8130', 'ffa52277-e5f7-4b63-ba5d-00f7b23e0570', '2023-06-02');
INSERT INTO signatures_leases_third_parties (id_lease, id_third_party, signature_date) VALUES ('a85ee394-d4d2-4d47-bba8-aa473e11429c', '6b367ba9-7ff9-4d9c-a3ac-9d5990783778', '2023-07-10');
INSERT INTO signatures_leases_third_parties (id_lease, id_third_party, signature_date) VALUES ('e9bda2c0-e2cf-4c0f-916a-dcd82f3888f8', '6b367ba9-7ff9-4d9c-a3ac-9d5990783778', '2023-08-15');
INSERT INTO signatures_leases_third_parties (id_lease, id_third_party, signature_date) VALUES ('d889f10f-5671-419c-b7e1-edf9ff5d9957', '27b01635-465f-448e-8487-5779eef21c23', '2023-09-18');
INSERT INTO signatures_leases_third_parties (id_lease, id_third_party, signature_date) VALUES ('60d64761-0333-4a14-85b6-c9c5ab450365', 'e79f6945-ddd6-4496-8481-ad88ca6b784a', '2023-10-30');
INSERT INTO signatures_leases_third_parties (id_lease, id_third_party, signature_date) VALUES ('381eb8dd-6409-41f0-97ea-3221fb3a62bc', 'b256a0d0-a73a-4b4a-ad58-39ee11ace2fa', '2023-12-20');
INSERT INTO signatures_leases_third_parties (id_lease, id_third_party, signature_date) VALUES ('d8af63fc-c717-493d-b3a4-27e4dca8a022', 'b256a0d0-a73a-4b4a-ad58-39ee11ace2fa', '2024-01-15');
INSERT INTO signatures_leases_third_parties (id_lease, id_third_party, signature_date) VALUES ('e002751b-eabd-4ca9-826d-08d0a3d3fec5', '27b01635-465f-448e-8487-5779eef21c23', '2024-02-10');
INSERT INTO signatures_leases_third_parties (id_lease, id_third_party, signature_date) VALUES ('c094d000-fd8d-4ad4-aef1-978ddf3eb450', 'ffa52277-e5f7-4b63-ba5d-00f7b23e0570', '2023-11-15');
INSERT INTO signatures_leases_third_parties (id_lease, id_third_party, signature_date) VALUES ('95186a17-744f-4c97-8cf2-437297aec3ab', 'ffa52277-e5f7-4b63-ba5d-00f7b23e0570', '2023-12-20');

-- state_types

INSERT INTO state_types (id, label) VALUES ('0e5eeb2f-4755-4a5a-8184-48f09a3e65e3', 'NEUF');
INSERT INTO state_types (id, label) VALUES ('beabec4c-ab7c-4dae-bce6-c7e8b88c270b', 'TRES BON');
INSERT INTO state_types (id, label) VALUES ('7b18d879-0213-46af-ac37-b7d436dde59f', 'BON');
INSERT INTO state_types (id, label) VALUES ('28197747-9d7a-4b62-aa34-7cc47ab91a49', 'MOYEN');
INSERT INTO state_types (id, label) VALUES ('edebab59-3971-4fcb-bad2-932dfe19fd78', 'MAUVAIS');
INSERT INTO state_types (id, label) VALUES ('eb0bdda1-eb78-4a96-bc5f-33efe758e78b', 'TRES MAUVAIS');

